id,direccion,capacidad_total,capacidad_vehiculos,presupuesto,fecha_de_inauguracion
1,5223 Crane Cliffs Suite 492 West Mathewfurt  NC 51087,4771,171,100854.04,2005-09-06
2,738 Zachary Shoals Suite 620 Greenetown  FM 12783,4033,146,86325.59,2006-10-08
3,274 Brittany Path Suite 433 New Marcus  MN 22905,4050,100,186804.14,1997-09-05
4,6451 William Bridge Geraldton  LA 07988,4237,176,161172.9,2003-11-17
5,910 Snow Prairie Suite 313 Lake Ashley  MA 10063,4679,158,91241.93,1996-09-21
6,4575 Walters Harbors Suite 053 East Kristenhaven  IA 24974,4968,106,90828.19,2022-12-15
7,24587 Cobb Stravenue Hamiltonland  AS 48971,4016,183,134124.94,2021-12-22
8,30051 Watson Knoll Apt. 023 North Alexandermouth  IA 03771,4017,156,170048.64,2002-01-13
9,1922 Smith Forge Apt. 157 West Angelafort  AZ 09674,4442,118,145679.31,2013-04-27
10,247 Sherry Squares Suite 512 Marktown  VI 59737,4964,198,80687.5,1996-07-30
11,97408 White Extensions Suite 977 Schneiderbury  UT 56874,4333,144,178730.88,2004-03-23
12,688 Ortiz Road Heatherton  MN 38053,4764,176,166424.29,2001-10-03
13,773 Sarah Extension Suite 812 Avilashire  CO 13216,4499,114,138809.31,2019-10-22
14,3336 Tracy Park North Marthashire  HI 23798,4761,154,186723.99,1997-09-10
15,066 Villarreal Lane East Melanie  TX 46158,4202,116,142067.66,1996-04-16
16,5187 Patel Plain Stoneberg  PA 62116,4461,159,166837.19,2005-12-31
17,862 Gregory Valleys Apt. 597 Lake Haley  MI 50317,4514,168,133490.07,2002-08-03
18,3707 Matthew Terrace Annettemouth  MN 90285,4283,161,160857.29,2012-03-19
19,4409 Elizabeth Island Suite 397 West Laurieland  AS 31718,4824,118,138413.4,1994-05-06
20,73737 Calderon Ville Lake Seth  RI 84736,4669,116,163401.13,2011-01-02
21,040 Francisco Centers Suite 803 East Michelle  MT 86238,4572,154,99476.1,2014-07-11
22,PSC 5923  Box 6815 APO AA 95602,4724,164,163885.4,2004-09-28
23,9445 Lauren Inlet Apt. 934 Sextonview  ID 57883,4763,171,77937.97,2020-07-24
24,960 Brown Throughway Apt. 855 Millerfurt  PW 68008,4943,133,101546.35,2005-07-18
25,536 Laura Ports Suite 232 New Jenniferstad  WI 78391,4662,106,114778.93,2024-02-20
26,340 Leonard Prairie Suite 969 Terryfurt  ID 54512,4892,177,117912.28,1998-03-23
27,59148 Holly Mills Apt. 228 Candicestad  WI 76371,4016,151,128232.52,2022-04-10
28,3011 Kimberly Mountains Greenestad  GU 39870,4147,152,148955.16,2017-09-14
29,PSC 5474  Box 9034 APO AA 43305,4205,116,79340.18,2001-02-19
30,37705 Robin Springs Suite 521 Stevenstad  HI 69968,4876,124,86877.73,2000-10-09
31,334 Jessica Springs Suite 320 North Philliphaven  IA 43649,4230,176,76483.7,1997-04-19
32,69830 Jonathan Way Apt. 853 Carterburgh  IA 47355,4636,151,162581.05,2004-01-12
33,43688 Christopher Orchard Apt. 649 Robinsonview  UT 92182,4517,177,133463.24,2015-03-31
34,96321 Miller Fort North Kristina  DE 91262,4915,113,80407.26,1995-06-04
35,19027 Hall Prairie Suite 097 Clarkstad  IL 05315,4687,155,199989.79,2003-07-15
36,1092 Thornton Tunnel Stephenshire  ND 26627,4074,112,80444.69,2021-01-03
37,092 Katelyn Walks Bethland  AK 86345,4547,138,100179.26,2011-07-01
38,2979 Bailey Mountains Justinton  VA 82267,4496,139,91503.2,2021-10-22
39,630 Maria Point Patricktown  PA 34466,4583,180,198746.5,2004-12-17
40,163 Michael Pine Lake Rebecca  CO 01305,4344,116,83258.1,2009-02-10
41,44629 Walker Gateway Suite 384 New Amandaside  KS 83998,4601,123,150873.36,1999-12-20
42,4693 Parrish Spring Zunigahaven  UT 37596,4177,141,106347.79,1998-10-31
43,328 Jessica Port Apt. 106 Lake Kylefort  NV 81917,4828,170,161785.75,2016-03-30
44,USNV Coleman FPO AE 73252,4878,152,106417.3,2009-12-03
45,1500 Jessica Hill Suite 807 Lake Tracyborough  FM 35960,4379,165,197209.12,1994-08-02
46,3192 Erin Glens Suite 545 Gregorymouth  FM 39883,4718,177,160420.52,2012-04-10
47,343 Vincent Trace Chenside  MA 59608,4527,162,101043.15,2018-01-04
48,8655 Joseph Mount Apt. 373 Jenniferbury  IA 09501,4185,146,108879.64,1997-12-30
49,390 David Knolls Suite 153 Lake Gordon  CA 42176,4234,143,172731.21,2023-11-05
50,49892 Tim Brook Suite 924 New Valerie  OR 63250,4764,195,128659.56,2012-03-19
51,0545 Bush Spring Suite 450 Loganbury  FL 35182,4084,174,96760.76,2016-11-05
52,4241 Soto Skyway Allenport  PW 46317,4518,183,132131.24,1994-08-04
53,97831 Harris Summit Suite 345 Blackside  NH 34243,4695,192,142490.3,2011-07-23
54,588 Adam Meadow Robertston  IA 29986,4364,199,125479.45,1996-04-30
55,5854 Morrison Ferry East Jenniferton  RI 42088,4488,119,118986.84,2010-01-15
56,PSC 0618  Box 1837 APO AE 33829,4648,151,155001.35,2024-01-09
57,105 Anderson Flats Johnberg  WI 95595,4401,155,91013.32,2013-06-19
58,48299 Joel Path Suite 868 East Andrewside  ID 41180,4497,129,99226.28,1999-12-21
59,7752 Michele Forges North Michaelberg  SC 48253,4321,125,146330.96,2005-01-09
60,67272 Hoffman Burg East Samantha  TX 69867,4475,130,177159.6,1997-09-10
61,06843 Amanda Summit Williamsview  LA 35290,4977,185,134861.5,2007-03-17
62,0795 Breanna Port Brownmouth  NV 48955,4300,108,90588.02,2006-09-28
63,3482 Tara Green East Raymond  AZ 10542,4657,136,162404.77,2023-11-06
64,55872 Tina Plaza Leeton  MT 60888,4383,176,109404.59,2014-03-11
65,USS Peterson FPO AE 17344,4625,163,115590.28,2000-07-04
66,032 Jackie Gardens Apt. 187 Julieborough  CO 27531,5000,112,104836.6,2005-08-07
67,13904 Brown Branch Apt. 017 West Heather  KS 22813,4787,170,117928.83,2007-06-11
68,33390 Carr Squares Apt. 175 North Krystal  UT 84826,4834,167,121373.47,2007-06-25
69,88861 Rodriguez Run Suite 484 Michaelstad  FM 48636,4967,102,134866.42,2014-01-23
70,32943 Kimberly Ville Kimmouth  MD 79446,4312,198,106709.02,1999-12-09
71,0535 Justin Shoals Suite 149 Lake Steve  NM 81176,4789,102,146371.92,2008-11-01
72,0897 Chandler Inlet Jenniferfort  NH 36082,4574,171,104030.78,2021-08-09
73,2317 Ferguson Mountains Apt. 999 West Gregoryland  AS 56367,4090,165,89301.88,2007-08-15
74,8402 Ryan Mountains Lake Wendy  MO 95193,4783,173,110254.88,2013-09-24
75,205 Smith Shore Suite 406 New Stephanie  PA 22841,4797,107,115154.88,2007-03-20
76,954 Jerry Hill West Mariafort  CT 62168,4417,137,138658.79,2015-08-17
77,8953 Robles Prairie Suite 778 West Jenna  MS 28817,4526,136,191402.41,2012-02-20
78,013 Andre Loop Port Katherine  AK 78018,4975,143,186647.84,2022-05-11
79,660 West Village Emilyland  GA 24644,4305,179,145428.25,2005-08-16
80,830 Michael Station South Mark  ID 67399,4113,152,75248.26,1996-04-24
81,927 Garcia Streets Kellymouth  WI 47728,4629,102,121230.05,1997-06-11
82,5600 Elizabeth Ports Apt. 601 Nicoleberg  MA 14232,4490,170,140497.93,2014-09-06
83,884 Gary Cape Lake Kevin  NC 42363,4655,116,187069.73,2007-05-07
84,3209 Smith Stravenue West Rebekahtown  GA 11475,4813,150,155220.3,1998-11-30
85,Unit 1633 Box 5770 DPO AE 40282,4429,153,139678.35,2011-08-24
86,3636 Jordan Burg Josephberg  NM 28982,4341,174,82646.15,2017-04-16
87,73726 James Isle Suite 229 Parkerport  LA 14522,4404,183,140964.33,1998-12-19
88,614 Leon Mills Charlesfort  AK 06643,4777,196,192949.53,1999-05-10
89,6907 Justin Causeway Kimberlychester  GU 81784,4313,107,92847.38,2004-04-19
90,204 Mejia Groves Savagefort  LA 71044,4397,200,157420.21,1996-10-22
91,3819 Timothy Square Apt. 485 Jamesside  KS 32959,4330,191,85564.48,2016-11-09
92,59403 Kathleen Gateway Whitehaven  KS 15249,4325,166,199516.54,2012-10-24
93,63393 Katrina Cliff East Katherineview  MD 33107,4595,164,82267.76,2019-02-19
94,10277 Kristen Camp Morrisberg  ND 12007,4108,161,116477.25,1996-07-16
95,8583 Stone Vista Suite 455 Port Christopherville  MP 84502,4004,169,195129.25,2010-01-19
96,950 Brown Summit New Dustin  NV 18157,4792,125,110995.07,2008-03-31
97,02501 Patel Heights Apt. 092 Hicksmouth  DE 37677,4758,109,126671.0,2015-01-29
98,5943 Susan Plain Nicholasport  NY 96333,4278,193,123679.03,2021-10-01
99,080 Amy Mission Apt. 940 West Nichole  PW 19462,4481,162,76208.09,2017-01-09
100,758 Smith Villages Apt. 036 Matthewview  MI 50136,4694,199,186063.23,2022-12-01
101,63322 Hernandez Ridge Apt. 873 Lake Jason  HI 64106,4562,130,80748.79,1994-12-08
102,7521 Kimberly Street Collinsville  UT 04562,4219,141,182376.65,2004-11-17
103,00069 David Plains Kennethborough  PW 97926,4698,182,92666.57,2008-07-31
104,81874 Thomas Place Cooperton  IL 72172,4682,199,196881.43,2008-02-28
105,3305 Diana Burg Apt. 446 East Joseph  MP 85926,4081,191,85898.51,1994-11-11
106,8615 Russo Spur Port Anna  NM 49295,4078,186,170746.56,2023-11-28
107,779 David Mission Apt. 871 Johnstad  ID 86435,4492,131,83359.59,2014-09-14
108,992 Tamara Village Suite 661 West Alejandromouth  MS 26750,4695,198,112971.83,1994-09-15
109,427 Samuel Cove Apt. 632 Williamsbury  LA 08278,4609,116,116073.98,1997-06-04
110,72420 Mariah Keys Suite 222 Emilyhaven  GA 72898,4508,175,90448.68,2002-10-23
111,948 Kelly Viaduct Suite 624 North James  ND 71927,4394,149,85643.51,2011-05-18
112,USS Stanton FPO AA 77828,4803,108,105712.01,1997-07-14
113,92212 Thomas Street Suite 299 Lake Alexis  FL 11771,4705,104,181510.98,2023-09-07
114,55727 Rachel Trafficway Apt. 325 North Tony  OK 55149,4183,168,144535.49,2000-11-21
115,2287 Jones Pines Apt. 202 West Rebeccaburgh  NM 37198,4143,156,157667.85,2004-12-20
116,908 Lisa Parks Karenfort  WA 42919,4561,138,102197.47,2012-05-17
117,017 Carolyn Alley Suite 781 Douglasside  CO 19924,4582,193,152363.95,1997-08-25
118,6350 Anna Spur Williamschester  MP 37939,4745,194,180257.23,2002-05-05
119,905 Ricky Track Apt. 598 Wallacetown  TN 49530,4664,162,120163.72,2000-05-16
120,5941 Hunter Courts Suite 741 New David  AS 82800,4866,154,103598.88,2016-08-11
121,4178 Michael Fork Suite 172 Port Heatherburgh  ND 70342,4599,138,126885.6,2022-05-14
122,018 Crystal Mountains Apt. 546 Kimton  NY 85392,4694,156,184004.22,2002-05-14
123,356 Turner Square Suite 614 South Danielberg  MP 48454,4104,124,199611.08,2006-06-24
124,0199 Porter Mill Thompsonfurt  VA 24333,4534,199,84630.82,2012-05-03
125,2815 Conner Loop Apt. 803 South Austin  MP 32979,4583,113,160557.15,2003-05-16
126,6773 Heather Square Apt. 997 Acevedomouth  WY 20444,4479,184,160338.53,2002-05-07
127,793 Allen Plain East Jamesstad  SD 85569,4855,164,189079.57,1996-12-27
128,6415 Audrey Way Jayview  ID 97562,4408,101,88967.27,2000-08-17
129,5170 Virginia Coves Port Paul  CO 87616,4046,191,165918.01,2000-04-16
130,7549 Robinson Causeway West Tracyland  NH 56927,4868,104,160531.69,1999-05-20
131,40720 Cox Centers Lewisshire  FL 14810,4555,124,183373.25,2000-01-21
132,7832 Gibson Forge Charlesfurt  MO 67408,4823,128,190456.21,2000-08-02
133,39301 Phillips Lights New Katherine  WV 85605,4977,182,123884.09,2009-01-19
134,059 Robert Trafficway New Karenshire  CT 47996,4507,123,100801.91,2012-12-31
135,02318 Vincent Garden Apt. 111 New Melissa  MD 82458,4981,146,119788.0,2004-10-02
136,86256 Candice Alley Ballshire  SC 47406,4080,105,94500.02,2004-09-06
137,1285 Gomez Crossing Alexandraton  MD 61548,4972,152,98321.92,2020-10-31
138,374 Rodriguez Views Farmerside  RI 23048,4303,113,75482.69,2012-01-10
139,855 Moore Ville Apt. 094 Thomasshire  OH 41800,4334,154,88396.93,2007-09-21
140,232 Carla Extension Apt. 777 Martinfurt  NM 10795,4751,182,88938.25,1995-01-18
141,88559 Jacob Loaf Gracebury  OK 21620,4849,180,94304.14,2000-07-11
142,2595 Lewis Motorway Apt. 196 Johnmouth  NH 30955,4013,105,175142.22,2001-09-01
143,8466 Richard Common Apt. 273 North Lancestad  NE 18500,4624,180,151823.18,1998-05-21
144,35292 Williams Crest Port Donnaville  IL 80803,4345,147,169742.66,2004-07-17
145,121 Amanda Pass Suite 266 New Tracy  PA 47781,4504,135,76731.91,2020-04-02
146,74112 Roberts Common Apt. 324 West Alexandriaberg  MD 38495,4000,139,141778.89,2014-07-21
147,3511 Angel Extension Suite 016 Tammytown  NH 79151,4588,193,142279.95,2020-12-29
148,8353 Shelby Pike Apt. 106 Chavezside  CT 66928,4592,119,162190.63,2001-06-09
149,399 Chase Key Gutierreztown  WI 80243,4785,174,79743.14,2002-07-29
150,9733 Underwood Radial Suite 184 Marioberg  NH 92863,4052,166,141050.02,1998-07-31
151,58444 Christian Extension Apt. 610 Mcgrathview  AZ 45224,4734,195,135746.96,2004-08-27
152,793 William Pike Chandlerville  FM 38667,4969,112,151934.26,2020-08-26
153,41327 Morgan Lights Apt. 082 Lewisport  MD 55906,4889,175,157376.27,2020-10-29
154,4063 Johnson Stream Rogerchester  ID 27393,4592,198,83382.4,2008-01-17
155,27559 James Spring Suite 498 Port Marktown  IN 22749,4571,143,157390.63,2016-05-19
156,86554 Randy Parkways Apt. 164 East Erikaview  IL 34559,4395,122,125561.32,1998-02-20
157,6225 Hart Viaduct South Dylan  OR 26477,4159,146,183855.75,2018-12-14
158,95193 Robert Forest Shawnborough  AL 49041,4069,195,92965.2,2006-02-10
159,227 English Trail Apt. 747 East Justinchester  NH 66967,4674,161,193586.39,2009-07-13
160,276 Mahoney Ramp West Brendaview  NE 29927,4025,145,104571.82,2018-08-01
161,621 Brian Junctions Suite 403 Deckerville  AK 46584,4367,100,126476.33,2018-07-22
162,0037 Rebecca Well Apt. 901 Christineport  CA 96002,4485,161,160911.47,2000-12-07
163,296 Barrett Extension Suite 988 South Dakotaburgh  ME 89925,4090,141,197420.65,2001-06-19
164,562 Tiffany Island Apt. 914 East Stephaniehaven  DC 06854,4348,147,84936.74,2017-10-13
165,677 Melissa Parks Shahborough  AK 77109,4197,108,92176.05,2013-04-26
166,6027 Sara Crest East Josephport  HI 62222,4673,112,195832.19,1995-11-15
167,5278 Karen Groves Apt. 440 East Wandafurt  RI 80260,4179,105,167359.38,2006-12-07
168,7555 Romero Freeway Wallaceberg  IA 54486,4827,162,114886.58,2011-09-17
169,159 Justin Overpass Apt. 268 Nicholaston  IL 35022,4836,105,143858.63,2015-03-23
170,047 Warner Fork Apt. 384 East Casey  OR 40501,4601,113,147632.97,2011-12-06
171,29303 Ayers Mountain Suite 263 Mooneyhaven  CA 48556,4748,184,164471.64,1995-01-12
172,920 Arnold Green Smithberg  KS 36507,4342,116,121467.68,2008-10-30
173,PSC 2285  Box 7595 APO AP 51858,4476,156,92724.36,1996-10-20
174,6415 Charles Club Apt. 575 New Margaretshire  CA 12831,4750,139,126685.51,2022-01-23
175,225 Evans Spring Port Maryborough  CA 75665,4948,135,137094.11,2008-05-22
176,91449 Chen Parkway Apt. 200 New Zachary  TX 21159,4786,155,167382.68,2015-03-25
177,PSC 8486  Box 5314 APO AE 19502,4981,163,146605.73,2012-06-13
178,60492 Andrew Drive Suite 616 Port Ashleymouth  FM 12579,4839,175,174312.92,2019-02-21
179,411 Allen Park Apt. 572 Perezton  NM 94389,4881,184,135502.56,1994-05-17
180,4589 Jones Knoll Apt. 008 Taylorfurt  NE 58625,4459,173,196966.78,2022-03-21
181,42889 Roberts Stream Jefferyton  KS 93668,4593,143,87527.6,1996-10-16
182,223 Cannon Canyon Suite 009 New Lindaville  WA 52403,4487,154,160117.63,2003-03-20
183,22876 Rodriguez Drives Annaland  AZ 49613,4245,157,175959.12,2007-08-17
184,6130 Sanchez Crossroad West Matthewfort  RI 09909,4158,125,164960.29,2017-11-22
185,06866 Katherine Inlet Tracyfurt  IN 16539,4298,170,101754.82,2009-10-16
186,437 Jennifer Forges Apt. 216 Nielsenburgh  AZ 14211,4776,155,152660.94,2001-01-19
187,5800 Shane Ford Apt. 921 East Jamieborough  SD 30784,4606,161,185525.52,1997-02-24
188,6384 Lyons Freeway Apt. 665 New Yolanda  CO 59822,4023,129,123037.34,2009-07-15
189,57940 Mcconnell Mews Apt. 495 Mikaylaport  GA 62754,4942,185,157450.6,1998-10-28
190,686 Jeanette Extension Moorefort  NV 03681,4788,163,199698.46,2019-08-13
191,6293 Sullivan Haven Suite 190 Grimesstad  DC 44682,4356,112,124195.96,2020-03-05
192,4010 Veronica Flats Jillianport  RI 88804,4724,146,92979.07,2017-09-04
193,6912 Lee Corner Sawyerport  PR 27423,4089,175,111524.23,2011-07-12
194,21498 Paul Brooks Suite 291 North Sherrybury  AR 84280,4448,190,152687.46,2018-11-11
195,PSC 8202  Box 6698 APO AE 45992,4360,122,141465.63,2010-12-29
196,0575 Eric Green New Amandaland  NC 20616,4474,100,132533.71,2004-04-01
197,44650 Waller Loaf Brittanyton  ND 13357,4969,185,127968.92,2004-06-18
198,8769 Evans Mountain Apt. 585 Catherineview  TX 66514,4441,138,199965.94,2012-02-28
199,PSC 1926  Box 6698 APO AA 12498,4388,109,101527.18,1994-05-20
200,192 Reynolds Row Suite 934 Andersonfort  VT 44555,4299,185,136033.2,1996-10-19
201,4290 Andrade Coves Anthonyside  MD 36216,4316,149,77715.13,2004-01-23
202,1650 Campos Trail West Susan  SC 58303,4643,154,192784.42,2022-01-09
203,626 Jones Centers North Monica  WV 37277,4788,141,84882.66,1996-09-30
204,236 Meyer Row Suite 309 East Alexischester  DE 67267,4644,116,161314.57,1995-07-04
205,255 Waters Ranch Apt. 806 Stephaniemouth  SD 50297,4481,128,105002.36,2013-11-17
206,5147 Adams Court Suite 172 Taylorside  PA 51170,4742,156,198181.79,1996-07-17
207,85805 Simpson Inlet Apt. 738 Reyesburgh  ME 88191,4907,106,172612.79,2017-12-02
208,7829 Kim Plaza East Jessicaview  VT 28708,4668,119,193416.85,2001-09-02
209,3567 Brandon Island Suite 233 East Daniellestad  PR 11044,4834,128,123617.85,2013-03-19
210,262 Robles Shores Suite 157 Anthonyhaven  DC 29202,4889,166,123275.08,2019-09-23
211,9600 Martin Islands Sullivanmouth  MT 42381,4257,149,88091.64,2002-11-30
212,531 Victoria Locks Suite 437 Lake Paulburgh  VT 10621,4377,135,124111.65,2000-08-19
213,USCGC Rojas FPO AE 05584,4446,172,90831.96,2018-09-17
214,91303 Amber Island Michaelton  NC 78145,4427,143,177506.99,2011-07-25
215,5205 Lynn Bridge Suite 712 South Audreyport  NM 76939,4322,183,82326.81,2009-02-04
216,472 Maxwell Springs Apt. 502 Samueltown  IN 16910,4227,137,84695.46,1998-01-18
217,7997 Curry Squares Apt. 145 Alexanderborough  DC 97130,4100,136,142104.95,2009-05-21
218,80179 Gina Summit Lindachester  MH 47806,4870,129,83303.48,2024-02-29
219,74150 Robert Isle East Amy  CT 20787,4766,180,164153.91,1999-10-24
220,905 William Summit New Robinshire  CT 27315,4912,194,129205.98,2015-06-03
221,30281 Roy Knoll Apt. 008 North Davidchester  OR 94734,4016,189,125513.44,1996-10-16
222,56093 Mindy Field South Brianmouth  KS 68339,4706,103,147560.61,2005-11-05
223,80767 Angela Fall Apt. 550 Terryfort  VA 65536,5000,131,158694.4,1996-02-05
224,PSC 6803  Box 9270 APO AE 17126,4498,151,125096.29,2001-03-02
225,914 Laura Way East Natalieberg  MD 99258,4620,159,98788.78,2022-12-22
226,4534 Emily Islands West Margaret  NH 61522,4127,200,100782.65,1999-06-23
227,8827 Angela Meadows Suite 657 Montoyaport  NC 65277,4513,117,137454.55,2008-10-11
228,20034 James Radial Apt. 371 Schultzmouth  DC 82498,4915,165,89582.38,2008-09-12
229,33855 Michael Lodge Suite 812 Joshuaberg  MH 41114,4735,142,141067.72,2003-02-05
230,192 Laura Views Apt. 333 East Christina  NC 20560,4772,132,146064.35,1999-04-17
231,57648 Cameron Cliffs Apt. 250 Lorifort  AK 99386,4428,156,160733.8,2019-12-15
232,61117 Smith Point Apt. 249 Caitlinstad  OR 81918,4672,197,154265.4,2007-01-06
233,681 Patel Pike Suite 809 Poncefurt  MI 61088,4315,151,156924.45,1999-09-03
234,552 Hall Trafficway Suite 830 Jamesburgh  CT 86448,4871,128,198575.19,2020-02-06
235,8874 Hampton Freeway Apt. 546 West Bradley  AL 38705,4628,130,185853.48,1996-07-30
236,24388 Thomas Crossing Travisburgh  ND 95384,4886,104,197352.59,1997-06-04
237,11084 Ford Manors Andersonchester  CT 45094,4681,102,142715.74,2020-06-20
238,64249 Mary Point Suite 577 Port Mario  OR 51392,4521,101,146995.99,2016-01-19
239,6559 Baxter Cliffs Suite 359 Andrewtown  TX 48492,4871,176,80467.52,2014-01-27
240,0170 Justin Well Suite 739 Ericaville  CO 28701,4168,156,187513.98,2011-07-16
241,393 Cynthia Views Suite 072 Whiteport  MH 95408,4817,128,142592.88,2022-07-07
242,371 Adam Path Suite 300 South Laura  OH 42966,4955,185,127846.22,2000-02-18
243,928 Jeffrey Mission Suite 717 New Samuel  MN 39231,4661,108,154865.54,2020-01-08
244,USNV Montoya FPO AA 70400,4617,143,154006.5,2013-11-14
245,553 Jack Ville Markville  VA 01870,4606,125,145859.26,2002-07-07
246,PSC 5860  Box 1450 APO AE 10486,4373,117,191809.23,1996-07-08
247,32970 Schaefer Drive Apt. 180 South Rebeccafurt  VA 39273,4859,195,182448.51,2023-01-22
248,1693 Pamela Road Williamfurt  DC 25603,4854,120,153650.6,2019-07-06
249,33325 Margaret Turnpike Suite 433 West Austin  NM 38842,4389,103,86481.91,1997-12-26
250,645 Earl Coves Suite 572 Michaelberg  PW 16473,4476,196,117487.66,2014-03-28
251,069 Paul Mountain Suite 993 New Joy  NV 51740,4105,110,101159.9,2016-12-10
252,98502 Hendricks Field Craigport  AL 59586,4594,128,112291.54,1996-12-03
253,32204 Marshall Drive Philliphaven  VI 09824,4704,126,86368.29,2010-02-21
254,182 Krause Wall Suite 480 Harrisfurt  CT 70982,4369,188,125381.77,2011-07-19
255,0526 Jeremy Oval Courtneyburgh  ID 09103,4291,165,148558.45,1996-02-25
256,01271 Taylor Knoll Holdenhaven  AL 59718,4044,174,110557.45,2008-02-15
257,3298 Ramirez Stream Suite 181 South Sarahville  VI 00769,4204,140,108299.58,2018-03-30
258,4158 Nunez Roads Suite 261 Brownmouth  NC 41466,4312,114,167771.47,1997-02-11
259,850 Snyder Highway Markburgh  KS 83673,4535,181,111216.92,2012-09-16
260,869 Bowen Highway Apt. 418 Codyside  PA 11413,4705,188,77623.31,2008-03-26
261,2904 Wilson Springs Johnsonside  AL 87911,4944,133,107033.48,2021-02-23
262,82066 Amber Road Suite 039 Robertberg  GU 64393,4642,199,106474.87,2021-05-18
263,46981 Stanley Motorway Apt. 153 South Jamesfurt  FL 86496,4324,165,141563.45,2005-02-10
264,4847 Laura Roads West Carl  WY 22636,4338,147,80302.78,1995-02-24
265,00327 Brittany Manor East Deborah  UT 76393,4119,155,146849.39,2017-06-22
266,PSC 8847  Box 7245 APO AP 41848,4981,138,159094.07,2021-08-27
267,025 Johnson Island Apt. 531 Danielshire  NY 73521,4745,109,155766.32,2001-01-08
268,4752 Briana Lodge Suite 242 New Justin  KY 47108,4914,200,78031.96,1995-02-17
269,0637 Terry Vista North Brittany  RI 65093,4211,179,179535.46,2019-08-15
270,33843 Buck Islands Barbarachester  IA 18614,4479,133,95058.3,2002-06-04
271,PSC 5602  Box 4989 APO AP 36093,4940,188,93559.17,2002-01-22
272,USNS Howard FPO AE 20120,4510,131,149246.45,2016-02-05
273,78576 Brown Passage West Michellemouth  NV 35966,4403,130,115228.46,2001-09-08
274,7581 Lawrence Spurs Kelliside  NM 55994,4149,154,142567.69,2001-11-03
275,USS King FPO AA 43203,4776,134,195422.45,2013-09-06
276,342 Larry Shoals Suite 317 Davidton  NE 93167,4383,183,187721.94,2006-05-10
277,895 Emily Knoll Suite 497 North Gabriellechester  CO 91747,4545,160,180616.09,1999-05-18
278,330 Davis Fort Chungtown  RI 59507,4275,125,116014.35,1997-03-17
279,USNS Miller FPO AA 45722,4526,135,165528.67,2005-04-25
280,2915 Sarah Ports Alejandrahaven  FL 72959,4224,183,127067.12,2012-12-10
281,000 Parker Mills Suite 014 Maryport  RI 94886,4895,153,117291.24,2019-03-05
282,0946 Pamela Island Suite 315 Phillipchester  MI 35088,4198,142,190707.2,1997-12-05
283,8782 Lee Walk Suite 982 Port Lindseyfort  MP 17426,4546,111,185673.69,2007-10-30
284,4137 Christopher Lights Suite 771 Jessicafurt  TX 94419,4314,194,144294.2,2015-04-21
285,0152 Miller Overpass Port Lindsayberg  AL 17627,4415,104,109957.06,2014-09-19
286,9927 Erik Station East Madison  WV 97755,4157,146,186789.51,2015-08-10
287,PSC 0300  Box 5533 APO AP 29600,4549,173,180501.89,1997-08-17
288,USNS Carrillo FPO AP 74977,4322,128,148584.77,2011-10-30
289,Unit 1803 Box 8416 DPO AE 12337,4604,129,170379.42,2016-05-24
290,056 Parker Extension Apt. 493 Hernandezmouth  MH 80622,4417,139,131200.74,2020-04-15
291,479 Charles Knolls Suite 231 Port Billy  WY 09029,4783,192,192173.7,2020-01-14
292,9260 Brian Spurs Briannaborough  AR 29415,4848,184,145547.46,2001-11-29
293,51850 Quinn Fort Apt. 507 Jonesshire  MT 82280,4151,183,173332.58,2000-07-29
294,USCGC Brown FPO AE 72503,4626,163,168012.98,2012-02-20
295,0827 Gregory Summit North John  PA 98894,4968,100,97027.78,2009-07-28
296,01407 Michael Point Suite 240 East Amandaville  KY 38047,4372,130,117544.06,2020-06-11
297,4537 Frank Key Port Kimberly  WV 49735,4167,192,191879.92,2018-08-14
298,4047 Lauren Plain East Lawrence  VT 79539,4564,175,143611.23,2018-05-30
299,4345 Calvin Brooks Dayburgh  MI 70815,4335,104,86385.65,1998-02-22
300,5174 Moreno Mountain Lake Nicolemouth  HI 85320,4849,184,94572.25,2022-11-17
301,507 Mcguire Path Suite 391 East Ashleystad  AL 32087,4136,157,119904.75,2019-06-03
302,61755 John Turnpike New Dorothystad  VA 17894,4851,131,130031.27,2008-07-12
303,68848 Rodriguez Crossing New Jennifer  UT 31019,4533,177,94705.01,1997-09-21
304,17078 Samuel Cliff Apt. 863 Lake Edwardton  PR 48523,4030,107,90576.65,2019-10-08
305,93802 Erik Expressway Apt. 573 Lake Kennethfort  RI 60238,4731,161,195256.07,2000-10-04
306,9266 Velasquez Wells Tuckerburgh  NV 27901,4797,100,173037.33,2009-09-23
307,93433 Robert Islands Suite 588 East Lisa  AS 49579,4434,100,93703.9,2013-08-21
308,USNS Humphrey FPO AE 87663,4689,115,187941.7,2005-02-10
309,2572 Duane Mills Suite 374 Robertland  MD 56399,4131,124,113578.94,2022-03-05
310,PSC 3705  Box 9526 APO AE 02111,4827,182,198042.12,2019-12-21
311,6975 Brown Garden Suite 552 South Michele  IA 18093,4431,153,113714.12,2009-04-24
312,781 Gonzales Heights Campbellton  MH 51328,4753,131,172133.4,1995-07-15
313,87142 Duane Plaza Apt. 354 Fredhaven  MN 04872,4117,192,146848.34,2008-01-14
314,605 Ward Creek Apt. 196 Hicksberg  MA 31425,4971,112,138297.33,2018-03-19
315,7015 Jonathan Lane Apt. 852 Lake Elizabethshire  MN 39641,4868,186,170802.81,1998-12-15
316,USNV Carter FPO AP 42112,4022,195,89270.26,2006-09-14
317,Unit 4595 Box 4983 DPO AP 36150,4912,186,158984.4,2017-12-20
318,997 Macdonald Streets Lake Jeremiahview  CO 99105,4884,173,139312.82,2020-02-21
319,8334 Clark Courts South Josephside  OH 46679,4608,100,194270.84,2004-09-20
320,590 Hughes Route Suite 277 North Danielville  VI 90842,4451,171,199249.76,2008-11-20
321,USCGC Roberts FPO AP 95839,4873,116,127967.71,2023-07-15
322,078 Williams Locks Suite 838 Smithhaven  SC 49112,4907,194,98299.27,2008-06-22
323,451 Williams Harbors South Emily  CO 20519,4293,146,137622.94,2005-04-20
324,946 Rachael Fork Jamesborough  PW 97681,4182,149,137866.81,2010-02-20
325,80305 Nicholas Forks Suite 225 Carlosville  VT 22221,4881,183,168988.56,1996-01-04
326,9638 Bowers Trafficway Kaylaview  WI 72331,4684,165,89433.69,2000-05-28
327,88207 Danielle Turnpike Apt. 002 Thompsonshire  GA 04818,4053,188,190497.77,2017-01-03
328,Unit 6039 Box 7075 DPO AP 55113,4584,117,155469.95,2018-11-01
329,084 Elizabeth Mission Earlmouth  FM 89326,4054,193,176235.32,2009-02-20
330,625 Samuel Landing Apt. 146 Whiteheadtown  CO 65021,4086,116,80908.0,2002-10-20
331,8836 Ian Green Suite 073 Port Ashleyfurt  NY 72630,4126,155,98253.01,2007-04-05
332,964 David Course Port Kelliemouth  CO 49984,4245,120,123860.3,2007-09-28
333,USNV Mckinney FPO AP 93343,4358,171,101833.73,2020-09-27
334,9459 Sarah Plain Melissaton  SD 03934,4228,130,111669.77,2013-04-10
335,4690 Gross Light East Edwardside  VA 73156,4303,188,128585.59,2009-08-16
336,55312 Elliott Throughway Suite 101 Escobarbury  KY 24950,4641,196,90367.52,1999-09-09
337,2891 Sophia Summit Elizabethchester  NC 13380,4642,120,127632.97,2003-05-17
338,429 Luna Burg Lake Cathy  DC 29763,4326,150,96839.24,2003-02-20
339,07445 Jennifer Parks Apt. 375 Lake Sandrafort  OK 91119,4300,156,148698.34,2022-05-25
340,77255 Cain Wall Suite 928 Port Tracy  OH 23635,4952,135,162449.92,2004-03-26
341,91987 Lisa Estates Ginahaven  NC 18711,4207,162,199980.66,2001-10-28
342,961 Jason Radial Lambborough  MO 33860,4734,115,139823.61,1998-06-17
343,824 Alexis Fields Apt. 238 Taylorport  OK 37086,4551,196,117897.53,2004-06-14
344,5254 Alexis Turnpike Goodmanfort  IA 88657,4948,111,154954.95,1997-07-19
345,01547 Ian Flats Suite 975 Abigailhaven  WI 73347,4244,123,110533.43,2019-04-18
346,7136 Miller Hollow Collinsborough  CT 36809,4024,167,142614.34,1999-08-18
347,PSC 6825  Box 8302 APO AA 90946,4586,178,123410.95,2000-10-06
348,Unit 8008 Box 5762 DPO AP 94988,4453,155,110418.81,2023-05-18
349,255 Williams Cliff Port Mark  GA 21863,4664,142,183611.88,2008-04-07
350,497 Becky Drive Apt. 474 East Michael  MT 46835,4102,155,91349.2,2018-02-18
351,320 Monica Junction Suite 082 Shawnport  MN 66837,4326,130,172546.36,1999-05-13
352,USS Woods FPO AP 81901,4212,129,168160.6,2017-12-20
353,54594 Johnson Viaduct Apt. 370 Hollyside  CA 49317,4617,162,148437.55,1994-09-01
354,483 Ashley Run New Michaelborough  MI 77031,4081,196,115453.06,1995-07-07
355,97100 Ryan Pine Suite 032 Smithmouth  VI 61368,4835,103,137034.04,2011-06-09
356,52734 Wilcox Mews Apt. 004 Hawkinshaven  NE 99130,4141,126,78291.69,2015-08-29
357,2194 Traci Corners South Tyrone  KY 43051,4560,139,145598.78,2013-11-02
358,2539 Perez Wells South Cameronhaven  TX 51548,4905,160,91567.44,2015-08-20
359,03297 Andrew Mews Apt. 825 Meganville  AZ 70038,4459,147,182606.58,2021-02-27
360,54608 Ann Bridge Apt. 406 Nicolemouth  MI 43405,4194,184,161189.8,2006-04-25
361,794 Rivera Walk Apt. 784 Fischershire  CO 59357,4999,168,98962.1,2022-05-02
362,569 Porter Drive South Kristenville  MP 64307,4165,194,84784.39,1999-02-11
363,90677 Lee Prairie Johnfurt  OR 15134,4904,108,170001.57,2000-10-03
364,31820 Kathryn Way Suite 966 Aliciastad  WV 07053,4129,171,88489.74,2016-05-25
365,88789 Edwards Prairie New Christyborough  DC 42907,4800,181,180012.25,2018-02-07
366,4609 Peterson Lights Suite 886 Lauraport  PW 06290,4160,110,119862.72,2006-04-20
367,343 Jessica Junction Buchananside  OK 88580,4740,176,77701.06,1995-08-12
368,499 Michelle Locks Lewisburgh  HI 60026,4437,170,103735.2,2005-02-23
369,442 Simmons Mills Austinstad  ID 00507,4523,145,133346.51,2023-09-18
370,97314 Nancy Village Smithhaven  TX 34426,4694,103,95395.44,1998-10-22
371,814 Briggs Place Lake Chris  TN 15576,4314,127,165399.23,2014-01-18
372,73343 Lawson Canyon Suite 249 Smithburgh  ID 66934,4487,186,161547.95,2009-03-04
373,3213 Anthony Tunnel Boothstad  VT 36594,4657,158,178111.92,2021-01-29
374,3228 Hart Pine East Jill  TX 59525,4087,154,175770.08,2011-05-20
375,149 Hunter Courts Suite 601 Gutierrezstad  MS 60448,4871,122,135554.09,2016-05-25
376,77212 Hester Ridge Apt. 843 Josephview  VA 30873,4896,130,157561.84,2018-12-19
377,3406 Maxwell Meadows Robertfort  MN 80654,4000,143,102328.78,2008-04-09
378,01656 Hall Green Ericside  NC 79556,4335,155,119895.35,2001-07-12
379,0205 Bradley Tunnel Apt. 646 Port Lisaburgh  AS 14860,4166,148,121474.12,2009-08-29
380,05001 Ferguson Cove Rhodesside  MI 58713,4137,156,122628.04,2018-02-01
381,398 Tyler Forges Stantontown  NC 21140,4164,175,107217.25,2007-05-14
382,7910 Mary Forges Suite 298 Port Christopher  LA 88039,4503,182,111937.2,2009-12-26
383,USNS Martinez FPO AP 65991,4451,173,149705.73,2023-08-23
384,081 Jennifer Way Timothyberg  VI 57849,4535,197,189149.57,2005-11-13
385,5285 Lisa Alley Michaelland  WA 45623,4381,107,121377.73,2010-01-22
386,Unit 5314 Box 4028 DPO AE 95266,4593,160,190634.99,2005-05-27
387,8081 Kyle Pass South Jason  IN 93641,4169,185,95425.49,2012-09-11
388,88862 Hernandez Well Apt. 476 Butlerborough  HI 48031,4008,160,88460.51,2000-10-27
389,Unit 6594 Box 3743 DPO AE 29210,4000,115,176642.51,2007-04-06
390,41900 Watson Via North Victoria  OR 87756,4098,138,138478.21,2015-11-19
391,462 Donald Mountains Royshire  MP 25707,4512,160,93208.22,2001-08-21
392,PSC 0060  Box 4993 APO AA 74866,4714,166,175051.27,2000-10-19
393,616 Amber Garden South Ashley  FM 47256,4837,114,91924.02,2021-02-02
394,0112 Norman Hill New Valeriechester  TN 62120,4118,172,157515.75,2011-10-10
395,7733 Peter Centers Apt. 567 Leblancport  PW 54602,4136,134,141766.13,2001-04-24
396,8768 Kenneth Rapids Apt. 172 East Karamouth  AZ 02484,4546,193,112231.64,2011-04-09
397,389 Kara Expressway Boydfurt  IA 61721,4744,166,121182.12,2005-01-09
398,161 Phillip Junctions Suite 901 Donnastad  VA 90696,4104,159,125093.87,2007-08-26
399,4145 Nathan Forks Apt. 385 Robertberg  GU 18100,4343,167,100799.11,2004-05-09
400,271 Samantha Grove New Jessica  MO 15028,4967,112,140863.91,2004-05-02
401,USNV Holden FPO AA 85915,4289,179,160811.56,2012-08-02
402,9420 Walsh Circle Suite 936 South Denise  FL 76265,4685,152,157556.86,1998-05-22
403,8473 Rodriguez Points Apt. 307 Hicksport  IA 02524,4262,198,139473.18,2001-07-21
404,USNS Wallace FPO AA 18833,4895,164,192777.2,2024-04-03
405,516 Jones Springs Suite 588 East James  MO 47910,4128,116,149141.6,2015-07-28
406,54416 Obrien Unions Clarkborough  NY 45230,4963,169,129981.61,1995-11-17
407,54453 Flores Lock Kristastad  WI 75323,4998,107,152531.17,2013-10-26
408,511 Owens Springs Suite 792 Lake Taylor  MI 75482,4346,102,135022.56,2009-05-20
409,0622 Sarah Cliffs Suite 213 Lopezview  OK 24776,4640,161,79657.17,2016-06-06
410,824 Johnson Mount Suite 784 West Terranceland  AK 09727,4571,115,136221.69,1997-01-19
411,5671 Matthew Islands Port Patricia  OH 83432,4651,193,189192.52,2015-01-15
412,032 Turner View Apt. 092 West Matthew  NC 70316,4914,102,198344.8,1995-03-14
413,84964 Taylor Ridge Apt. 915 Marcomouth  CO 33998,4449,172,197096.47,2008-05-16
414,207 Kevin Groves Apt. 834 Michaelhaven  NE 07859,4993,134,152388.17,1997-09-20
415,39624 Santos Valley West Daniellemouth  RI 30124,4548,143,139837.48,1999-11-30
416,6814 Hector Pass Penachester  SC 02862,4670,148,183168.07,1998-05-06
417,40774 Shannon Estates Suite 205 Port Todd  IL 92144,4026,138,145448.76,2004-05-09
418,014 Perez Square Estradaberg  WA 53278,4757,159,75604.98,2008-04-04
419,2328 Edwards Trace Suite 662 Martinstad  MA 56899,4458,116,96968.66,2008-03-10
420,Unit 2628 Box 9116 DPO AE 60305,4488,162,106359.42,2015-06-26
421,701 Leonard Mall Suite 256 Sullivanshire  GU 67616,4981,111,118546.5,2024-04-07
422,936 Denise Drive Apt. 801 East Johnberg  GU 25263,4902,199,103686.03,2022-11-25
423,662 James Bypass Suite 265 Kristinaborough  NE 49083,4051,124,95839.38,2002-11-06
424,247 Austin Union Apt. 811 West Joshuafort  DC 36292,4703,152,159106.48,1997-07-09
425,PSC 7859  Box 8085 APO AP 81781,4393,108,111798.94,2006-02-02
426,93724 Juarez Path West Aaronborough  WA 89793,4395,110,112844.88,2003-11-29
427,USNS Brown FPO AP 61124,4862,179,131716.88,2023-06-27
428,968 Tiffany Green Carlview  WA 02381,4073,120,179460.08,2010-05-28
429,57463 Allen Garden Apt. 632 Robertland  ND 05925,4014,141,172736.95,2013-01-26
430,135 Rogers View Apt. 569 Reidmouth  AL 52341,4141,189,122637.5,2020-11-09
431,158 Nicole Ridges Lindafurt  TX 95691,4791,109,87748.03,2011-08-14
432,USNS Green FPO AE 04047,4792,174,176418.47,2004-06-12
433,Unit 1826 Box 5212 DPO AE 64327,4221,180,86834.5,2009-07-23
434,408 Steve Harbors Apt. 295 Lake Ruthmouth  PR 61404,4782,155,158315.83,2009-04-28
435,2269 Robert River Yorkland  PW 14783,4742,110,169366.42,2022-08-26
436,51684 Wade Coves Apt. 735 Stephanieside  AZ 74723,4328,184,116294.45,2000-02-25
437,4774 Robert Curve Suite 308 Brookeside  MO 90635,4913,105,180532.36,2000-05-08
438,277 Mays Unions Parkershire  KY 51966,4150,190,75712.41,2010-05-18
439,642 Ryan Route East William  OK 83191,4331,115,137476.1,2023-01-26
440,9283 Douglas Meadows Grahamtown  MH 55287,4121,146,189490.6,2018-10-25
441,334 Kiara Via Suite 580 New Donaldstad  SC 30476,4230,152,86668.83,1995-03-18
442,74757 Stevens Roads Daviston  NY 10030,4583,112,197382.19,2014-03-28
443,PSC 8710  Box 2190 APO AA 37731,4894,165,108422.04,2024-02-24
444,8642 Erica Inlet Kevinbury  VA 07239,4045,200,81175.35,2009-06-28
445,8943 Steven Coves Apt. 401 Maryville  MA 41624,4827,189,197037.14,1998-02-25
446,13611 Mccarthy Villages Suite 564 Jordanton  ID 40944,4492,104,134715.43,2005-06-18
447,365 Marquez Mill Jonesberg  NE 22692,4033,194,121991.39,2010-11-01
448,Unit 2366 Box 2324 DPO AP 78096,4902,134,137709.24,2021-09-19
449,Unit 4052 Box 9322 DPO AA 28631,4908,156,98901.79,2023-11-11
450,920 Carol Trail Port Jared  OH 76557,4109,195,143715.68,2024-03-24
451,2072 Sara Skyway Suite 749 New Travis  OK 52801,4751,181,180342.08,2012-03-09
452,1027 White Prairie Apt. 724 East Cathychester  WY 78675,4514,169,76070.48,2021-08-27
453,18831 Christina Place Suite 720 Alejandrabury  AL 37309,4807,150,105668.17,2002-09-10
454,85108 Jacqueline Station Apt. 444 South Michellefurt  DC 89402,4468,170,144648.77,2021-09-17
455,878 Cynthia Mount Suite 906 Thomasfort  PA 30574,4472,180,80523.09,2011-12-11
456,3499 Shawn Extensions Apt. 132 New Kenneth  OR 98742,4406,100,155389.69,2019-01-15
457,5788 Paul Court South James  CA 14463,4868,139,153350.05,2004-12-20
458,2935 Jason Haven Port Bonniechester  MH 09960,4730,189,119978.65,1999-01-26
459,186 Christina Lodge Apt. 188 New Donald  CO 84237,4342,148,196195.98,1996-06-23
460,3174 Goodwin Island Apt. 320 East Steven  FL 17982,4958,141,179690.35,2004-07-10
461,Unit 9674 Box 7900 DPO AE 75893,4044,189,167401.2,2016-11-05
462,7741 Cobb Crossroad Apt. 228 West Rodneyshire  ME 62778,4001,184,131338.81,2012-05-04
463,Unit 4904 Box 1388 DPO AA 15161,4779,180,137004.08,2024-04-05
464,2731 Patricia Circle Suite 830 West Jameschester  AK 44374,4905,181,183046.36,2019-03-08
465,4730 Grimes Heights West Dustin  MS 09175,4533,185,86427.04,2009-01-03
466,67801 Leblanc Plaza Suite 242 South David  CA 62170,4703,130,88629.07,2018-11-22
467,529 Michael Grove Apt. 999 Susanport  UT 97351,4901,136,173232.5,1998-04-01
468,92212 Ashley Prairie Smithborough  DC 23402,4064,133,113118.34,2015-06-18
469,6107 Mckay Camp Suite 544 South Deannaton  IN 74704,4131,104,87943.02,2020-12-26
470,56234 Amanda Burg Apt. 683 Barreraland  SD 72516,4753,115,83749.32,1995-10-25
471,0749 April Green Marquezville  GA 00815,4351,184,76132.64,2014-11-10
472,7016 Melissa Land Lake Michaelburgh  KY 34274,4176,182,157668.08,2009-08-18
473,17019 Kelly Mews Apt. 381 Carterton  OH 14772,4453,131,170146.14,2004-08-13
474,369 Jacob Parkway Apt. 106 North Michaelport  AZ 20904,4500,124,165352.78,1999-12-21
475,USCGC Mcgee FPO AP 84066,4763,200,104222.15,1996-06-26
476,558 Howard Mission Suite 587 Dianefurt  AK 33747,4335,134,177730.3,1998-08-31
477,15251 Timothy Circles Lake Randy  ND 36436,4892,183,89755.86,2023-02-14
478,Unit 0265 Box 9972 DPO AA 06135,4240,140,174811.81,2014-12-05
479,134 Daniel Expressway Deniseton  PW 65507,4442,169,143656.99,2009-03-15
480,38956 Thompson Springs Rogerfurt  NC 44848,4760,118,79308.44,2002-08-03
481,9038 Eric Point Suite 429 South Ariel  PR 13624,4852,118,79483.36,1996-08-27
482,946 Hall Roads Suite 512 Anthonyton  CT 93597,4090,146,135637.9,2011-07-03
483,3313 Hutchinson Loop Suite 392 North Sandrastad  VI 49290,4794,181,187430.08,2010-11-17
484,2492 Brandi Well Roymouth  NJ 10780,4896,164,78526.13,2009-03-09
485,937 Chris Landing Gomezfort  WY 83047,4292,181,179747.25,2005-06-07
486,364 Thompson Pine Bowmanport  MN 70389,4492,175,163184.98,2020-05-30
487,25731 Curtis Prairie Port David  PW 05950,4237,193,104467.06,2011-04-10
488,PSC 0301  Box 7112 APO AA 84284,4603,173,115497.82,2016-06-07
489,025 Bruce Vista Suite 169 Abigailshire  MO 72494,4720,113,88332.08,1997-06-12
490,22556 Gonzalez Mountain Smithmouth  LA 69209,4680,164,122788.84,2004-06-17
491,04030 Edwards Isle Apt. 607 Powersport  MH 10301,4496,108,80743.63,2011-04-25
492,364 Vanessa Forges Jeffreyfort  NY 92323,4021,116,151045.32,2002-10-03
493,Unit 0877 Box 2000 DPO AA 86274,4624,157,131161.18,2009-09-02
494,4081 Rivera Circle Austinmouth  RI 19723,4764,161,77734.01,2022-04-10
495,108 Evans Motorway Carrietown  IA 09279,4305,185,182073.27,2001-05-16
496,8531 Barnes Valley Apt. 069 South Jacobstad  AR 16869,4499,184,96843.63,1997-07-22
497,3968 Katie Light Suite 647 Careyside  LA 59567,4004,125,147419.95,2001-09-10
498,413 White Mill Apt. 185 Lake Jacobfort  AK 29688,4149,136,157508.14,2023-10-14
499,393 Kevin Ford Suite 147 Robbinsstad  RI 94849,4939,189,114527.36,2017-04-12
500,91872 Anna Walk Apt. 489 Morganmouth  NE 63006,4328,197,158651.1,2004-08-13
501,884 Lisa Fort Snyderton  MA 00710,4026,105,132597.33,2006-02-28
502,Unit 5059 Box 0315 DPO AA 40961,4904,163,106384.36,2021-03-12
503,907 Dawson Springs Apt. 672 Hammondview  CO 03362,4848,129,159510.87,2022-01-24
504,06146 Robertson Parkways Melissaborough  VI 67659,4024,132,99999.05,2013-04-07
505,13527 Wagner Key Jeffreyfort  KY 03690,4835,101,181670.24,2015-06-13
506,975 Lewis Trace Suite 212 South Derrickstad  ID 63923,4665,135,112822.17,2007-04-20
507,647 Mark Brook Amytown  GU 46283,4201,173,78342.93,2017-12-15
508,19971 Michael Fork Apt. 580 West Veronica  MS 58852,4531,108,144354.32,2020-09-22
509,86216 Kara Plaza Lake Steve  DC 83056,4754,159,193703.02,2023-09-25
510,PSC 3076  Box 7320 APO AA 66659,4278,111,105674.22,2023-07-18
511,269 Michael Gateway Suite 599 Port Anthony  CT 05228,4012,117,95242.81,1999-07-26
512,4606 Jason Motorway Suite 386 Caseyberg  MD 33741,4623,175,89469.96,2004-01-12
513,9359 Williams River Markberg  MI 72339,4724,145,127424.98,2003-01-10
514,4434 White Mountains Suite 438 West Christopher  NM 39669,4661,155,144732.11,2007-01-20
515,444 Jordan Glen Apt. 476 Breannamouth  MO 81611,4853,174,167040.58,2020-04-16
516,Unit 2366 Box 6682 DPO AA 67816,4040,124,143393.35,2018-11-16
517,1611 Charles Square Apt. 294 Townsendport  WV 78278,4237,107,168207.68,2007-01-13
518,54748 Barrett Views Apt. 981 Franklinborough  MD 22138,4829,153,79104.18,2023-12-08
519,19137 Nicolas Ferry Suite 437 Angelastad  AK 23316,4149,130,172447.11,2014-12-19
520,7596 Jimenez Walks South Leahtown  TN 55967,4526,112,128377.24,2016-07-08
521,97865 Miguel Points West Ericaburgh  VI 58997,4688,158,164808.91,2014-02-23
522,99773 Mcdonald Manors Stacyville  NE 09653,4400,193,199202.98,2014-01-11
523,USCGC Mayer FPO AA 11479,4192,200,197853.91,2000-10-05
524,23926 Kristy Park Suite 961 Port Williamstad  ND 62114,4641,162,131887.46,2002-02-08
525,00243 Richard Ridge Gregoryside  SC 70645,4815,164,154945.99,2007-02-23
526,214 Oneal Creek Apt. 707 Thomasmouth  IA 95923,4938,172,98042.9,2007-12-22
527,4248 Ryan Cliffs Brownchester  PA 26664,4018,100,177376.82,2000-07-11
528,USNV West FPO AA 72556,4772,172,191051.1,2007-01-19
529,0101 Chapman Street Suite 768 West Colton  VI 17857,4094,114,162158.1,2009-01-31
530,11530 Joseph Burgs Apt. 142 Perrymouth  ND 69646,4044,125,126201.41,2019-10-14
531,6958 Jason Mountains Suite 977 Jasonborough  HI 62060,4383,170,186022.98,2005-01-02
532,9369 Jill Lodge Garzaview  RI 47752,4282,137,162827.15,1998-09-20
533,379 Eddie Row Greerside  AR 50607,4302,153,189242.25,1995-06-24
534,412 Ortiz Locks Jenningsside  CT 10954,4871,169,159500.56,2009-02-25
535,8441 Daryl Knoll Suite 255 Benjaminfort  MP 07787,4181,160,138700.64,2012-06-06
536,270 Adams Shoals Suite 490 Port Anthony  MI 10529,4501,170,149194.53,1997-09-11
537,225 Joanne Causeway Winterschester  DE 46280,4380,154,160586.64,2021-03-27
538,455 Le Manor Philipchester  MO 28202,4479,105,89121.88,1998-12-01
539,086 Lauren Lights Hernandezton  MD 68056,4246,179,80145.05,2007-07-03
540,PSC 5234  Box 7937 APO AE 95330,4716,114,139757.44,2019-09-12
541,63504 Danielle Harbor Sarahville  FL 27748,4403,167,150603.57,2002-09-21
542,2337 David Neck Anthonyfurt  UT 14079,4874,193,81495.33,2008-01-28
543,8870 Miller Inlet Lake Ashley  CT 34141,4888,183,147071.81,2023-05-31
544,85355 Terrell Valleys South Williamhaven  OH 42387,4277,189,176718.26,1994-09-04
545,039 Vincent Bypass Port Thomasburgh  KS 08499,4318,137,126250.22,2023-08-20
546,931 Jesus Causeway Apt. 163 Fernandezton  MO 86198,4712,129,86331.0,2010-10-23
547,013 Lee Shore Kimberlyhaven  MP 47738,4859,106,141144.99,1995-10-21
548,78080 Wendy Bypass Suite 223 Rileyshire  MI 72206,4310,192,75235.08,2000-12-06
549,707 Shelly Branch Richardton  OR 72390,4484,100,163275.57,2009-09-16
550,81795 Kenneth Turnpike Apt. 189 Lake Michelle  TN 23322,4214,189,170676.58,1999-05-05
551,41551 Marissa Motorway Apt. 371 New Makaylaville  CO 25388,4371,169,118923.93,2000-06-05
552,779 Rebecca Plains Suite 282 Port Jamesstad  WV 48540,4060,176,110307.96,2008-05-18
553,723 Victoria Lock Williamtown  SC 27847,4546,199,199308.29,2008-08-24
554,47955 Ross Landing Jackberg  FM 19480,4223,125,136572.75,2000-06-29
555,581 James Ridge Lake Michelle  WI 39426,4612,126,163056.52,2005-01-08
556,4556 Williams Isle Apt. 711 Welchfort  IA 53252,4181,118,184863.71,2013-10-13
557,20398 Meagan Square Apt. 651 North Bethmouth  NC 25535,4943,121,140370.19,2006-03-21
558,2427 Warren Corners Snyderhaven  NY 77772,4226,180,98189.61,2024-04-04
559,Unit 7034 Box 8740 DPO AE 44690,4040,147,132690.77,2004-05-11
560,985 Mccann Camp Suite 287 New Holly  WI 27913,4887,149,153427.22,2003-04-19
561,Unit 0742 Box 8804 DPO AE 75457,4221,108,126362.69,2010-04-16
562,23329 Tracy Glen Apt. 648 Jamesville  LA 50211,4346,134,104836.06,2021-03-07
563,46992 Matthew Parkway Apt. 311 Dustinbury  NV 66971,4748,171,79972.31,2014-05-26
564,3473 Smith Ports Suite 389 Port Shanemouth  SC 59337,4694,188,115095.9,2003-03-21
565,587 Herrera Valley Suite 825 Rosschester  IN 51794,4950,141,85166.53,1999-01-27
566,USS Gutierrez FPO AP 23624,4016,124,155203.33,1995-11-05
567,63320 Rose Knoll Vincenthaven  PR 67138,4210,163,196102.28,2000-08-15
568,320 Ross River Suite 405 Ruizfurt  WV 84838,4702,161,140212.45,2000-03-11
569,93905 Carlos Springs Clarkview  OR 33977,4441,186,148049.99,2014-01-04
570,8448 Bonnie Shoals New Davidstad  PR 83055,4119,166,160280.46,2005-08-19
571,622 Bender Ramp Fosterfurt  NE 29860,4718,175,114016.64,1999-01-23
572,21028 Morrison Trail Apt. 009 Lake Melissaton  VT 08298,4286,149,117887.79,2019-12-21
573,451 Christopher Parkways Apt. 609 Port Sharon  NV 52134,4087,160,194400.54,2021-04-10
574,4722 Michelle Canyon South Markhaven  IA 93923,4842,107,191469.69,2024-01-20
575,10035 York Valley Apt. 095 New Jordanstad  MO 56105,4695,172,147111.12,1995-10-22
576,6313 Ellis Freeway North Darleneborough  WI 05079,4652,183,141828.67,2002-09-08
577,3083 Meyers Cliffs Maryton  DC 60390,4524,134,102187.79,2003-04-16
578,8861 Taylor Courts Timothyfurt  IN 03955,4233,200,192057.41,2008-12-14
579,5165 Janice Wall Lake Elizabeth  MO 27925,4199,129,156008.14,2005-05-17
580,Unit 1990 Box 2844 DPO AP 45025,4805,187,133614.93,2017-04-22
581,37841 Rodriguez Flat Apt. 231 Wilsonmouth  ID 33377,4533,122,188432.4,2007-11-30
582,17520 Alicia Crescent Saundersville  VA 23503,4114,183,81690.34,1999-08-08
583,2655 Lisa Forest Brandyland  VA 94671,4053,128,151376.79,2005-01-04
584,9706 Bonilla Fort Jenniferview  MN 42335,4927,134,181937.24,2017-01-14
585,077 Wendy Station Suite 502 Williamsport  LA 58197,4783,124,142196.25,2020-12-21
586,6146 Hall Roads East Jenniferview  IN 80394,4915,176,163164.76,2018-05-13
587,698 John Ford Turnerside  AK 10048,4101,174,184746.35,1994-11-30
588,506 Davis Extension East Brenda  GU 61087,4804,170,122632.61,2004-08-12
589,95977 Graham Mill Coleburgh  FM 46478,4555,117,132642.04,2007-02-11
590,201 Bird Oval Lake Michaelmouth  OK 10573,4214,177,132480.29,2020-10-19
591,86624 Lopez Landing Wheelerland  TX 86514,4933,169,144777.25,2022-02-14
592,03449 Jillian Ferry Apt. 344 Calvinmouth  TX 06486,4617,121,105967.62,2015-06-04
593,Unit 4218 Box 4642 DPO AA 54534,4630,184,99577.49,2019-11-10
594,70704 Rebekah Springs Angelview  VA 30405,4540,128,131592.6,2004-11-25
595,USCGC Hale FPO AA 77356,4911,200,127563.22,2021-07-30
596,Unit 7735 Box 8436 DPO AP 61735,4279,119,137930.46,2018-05-11
597,2256 Hernandez Mount Apt. 873 Cannonberg  VI 26563,4084,148,144983.04,1998-08-24
598,44293 Daniel Rapid East Amy  NJ 85660,4878,152,92092.96,1996-02-01
599,48285 Reed Knolls Apt. 686 Port Aaron  NH 82077,4481,165,153254.4,2024-01-13
600,36594 Jennifer Skyway Suite 488 Ortizbury  AR 21364,4149,115,169385.1,2020-07-29
601,32699 Perez Mountain Suite 052 Andrewschester  MA 80624,4183,192,113126.36,2008-05-15
602,0372 Boyd Plains Port Rebeccaland  AL 46517,4094,176,89812.08,2021-04-17
603,4452 Aaron Motorway Chelseyshire  PA 04074,4852,124,125736.93,2005-03-15
604,5634 Carl Dam Suite 732 Jenningschester  MH 94590,4046,104,165470.41,2016-02-07
605,3463 Stanley Unions Gonzalesport  OH 36300,4690,102,147902.01,2009-02-07
606,51561 Martinez Ridge North Annville  AK 68706,4970,157,196221.47,2005-10-28
607,7202 Joseph Cape East Kyle  MA 53030,4918,122,173872.84,1998-12-08
608,15190 Christine Pine Jasonhaven  NJ 27237,4088,170,98966.83,2021-02-24
609,Unit 0413 Box 5078 DPO AP 53183,4604,176,109842.54,2005-11-01
610,1590 Ponce Run Apt. 697 Amyville  FL 58236,4804,100,146438.05,2014-08-09
611,0574 Jennifer Crescent Apt. 167 Hillborough  ME 66381,4817,127,167373.55,2009-05-29
612,64175 Kimberly Villages Port Jonathanport  NJ 42280,4550,160,79018.97,2009-04-16
613,4977 Turner Landing New Caitlinmouth  GA 45663,4083,110,167951.1,2000-07-02
614,USNV Atkins FPO AE 64279,4948,198,120398.53,2015-07-28
615,PSC 0541  Box 5929 APO AE 15173,4121,104,147721.62,2013-07-07
616,390 Shields Mountains Whitakertown  MT 99175,4100,115,142917.01,2018-09-04
617,91094 Katherine Extensions Lake Faithmouth  NV 39824,4699,152,77993.66,1994-12-09
618,03213 Watts Lakes Corymouth  VA 32378,4292,130,134399.87,2024-02-18
619,3651 Kelly Dam Hallchester  WV 71765,4961,113,153632.32,2020-09-02
620,8904 Michele Mount Apt. 078 Cardenaston  WY 60588,4622,198,144038.62,2006-02-24
621,4438 Samantha Flats Patriciatown  SC 66047,4228,175,199948.14,2013-01-17
622,3389 Stewart Mills North Kevin  NV 03465,4895,187,189060.7,2005-10-13
623,4860 Brown Mount Port Stevenmouth  MH 41481,4388,151,152177.44,2020-11-04
624,58162 David Crossroad Brooksland  NE 73591,4644,144,133965.61,2019-02-19
625,3700 Allison Wall Port Edwardchester  CT 38676,4236,157,123415.86,2016-05-28
626,49046 Alex Glens Suite 490 New Lisatown  PR 25225,4730,163,165687.03,2021-01-06
627,USS Moran FPO AP 58228,4147,119,125054.17,2016-11-23
628,17210 Wesley Club Bakerberg  RI 12242,4983,152,141755.86,2007-05-23
629,113 Allen Motorway Apt. 509 Theresatown  NC 42301,4232,187,136779.6,1999-11-26
630,39243 Marcus Shoals Dorothyborough  VA 93229,4443,173,116006.56,1997-09-24
631,33773 Scott Pines Jennifermouth  KY 12398,4731,108,174149.12,2014-10-31
632,09823 Billy Lock Apt. 149 Lake Karen  KS 52709,4815,181,122239.25,2018-07-17
633,61306 Stephenson Views Apt. 693 Whitneychester  IA 02889,4345,175,177392.05,2015-06-14
634,6259 Denise Camp Reynoldsview  ND 10933,4629,157,118377.7,1996-05-22
635,97930 Mariah Islands Apt. 247 Garrisonbury  NM 29912,4445,140,163294.85,2002-09-30
636,6493 Green Garden Suite 788 Lewiston  TX 77122,4237,135,108580.93,1999-07-24
637,8905 Crawford Island Suite 652 Dennisland  IA 80695,4245,142,146375.21,2001-08-02
638,32504 Brandon Coves Apt. 051 West Wyatttown  OR 61813,4196,199,81837.28,1996-11-15
639,14642 James Shore Suite 262 Jasmintown  AR 74996,4959,120,152909.62,2008-07-10
640,3972 Norris Dale Suite 134 Collinsfurt  MP 26591,4554,119,183634.33,2007-09-27
641,394 Anderson Cape Suite 401 Fergusonland  CA 30979,4025,123,130736.31,2015-11-30
642,1025 Strong Mall Rothport  AR 20022,4420,130,118440.88,1997-06-18
643,8029 Jenny Ramp Apt. 037 Kariburgh  OK 65305,4418,134,191618.27,2005-05-24
644,79621 Potter Dale New Stephanie  KS 17387,4456,156,185692.36,1997-01-08
645,79043 Sarah Skyway Lake Eric  OR 13151,4019,114,89856.79,1999-06-17
646,614 Michael Ports Lake Lauraville  KY 55786,4598,183,142295.07,2022-06-17
647,468 Weeks Alley Port Michael  PA 44231,4271,194,132822.12,2006-11-23
648,80639 Malone Valley Apt. 114 Wheelerbury  GU 55654,4566,108,132205.15,1995-05-22
649,32676 Roth Trafficway Peterland  NY 51549,4655,188,132723.88,1998-07-15
650,912 Robertson Drive Suite 201 New Francisco  MS 80242,4752,112,199514.55,2008-06-19
651,2585 Gary Street New Tarafurt  MA 18868,4194,199,172838.9,1995-01-24
652,887 Mckenzie Green South Mariaborough  CO 15513,4373,101,150853.5,2019-04-07
653,77941 Ryan Curve Apt. 069 Jensenborough  NM 34132,4459,161,174754.45,2002-03-12
654,9007 Wilson View Suite 624 Port Heidi  KY 90952,4321,144,196455.81,1995-10-11
655,315 Cervantes Turnpike Apt. 066 South Thomas  WV 93768,4257,154,157408.48,2012-01-07
656,72762 Evan Tunnel Walshchester  LA 39094,4286,148,199219.0,2021-09-30
657,881 Benjamin Summit South Eric  ID 40276,4961,146,83742.47,2012-07-23
658,35100 Gutierrez Inlet Apt. 044 Christopherfort  PA 45519,4527,153,79805.07,1997-10-26
659,43617 Glover Forges West Tinatown  NE 86915,4072,140,102587.93,1997-04-14
660,121 James Cliffs West Stephanie  MI 28617,4819,157,162061.13,2018-11-01
661,2227 Jones Plaza Suite 456 South Mario  VI 81207,4107,165,195591.83,2017-10-11
662,349 Steven Greens Apt. 316 Brownmouth  KY 85586,4734,162,178451.76,2015-03-16
663,7793 Wise Knoll Suite 261 Ralphstad  NJ 62597,4850,101,102227.79,2010-02-28
664,664 Kelly Falls Suite 828 South Donaldside  CO 43882,4689,177,90342.99,2008-06-02
665,494 Julie Isle Simston  GA 82587,4075,151,189080.56,2020-07-06
666,233 Alexandra Point North Gregory  NE 69161,4808,160,147516.27,2017-08-04
667,1916 Velasquez Court New Mary  OH 89110,4734,107,155188.6,2010-05-09
668,340 Martin Land Suite 414 Port Sue  DC 88799,4947,113,172519.74,2006-04-28
669,354 Tucker Canyon Peterchester  PR 36303,4284,103,97906.54,2010-04-21
670,9606 Adam Gardens Kennethton  ME 89599,4280,179,181925.46,2024-03-06
671,6243 Dawn Grove Taraport  MP 07432,4207,145,116856.28,1997-05-08
672,6929 Vanessa Junction Apt. 648 East Robin  MH 31484,4440,191,146710.07,2015-11-29
673,64748 Schmitt Cliffs North Jeffery  DE 16821,4187,113,160795.8,2011-08-18
674,917 Tara Path New Jenniferborough  HI 08505,4317,100,80508.57,2016-10-03
675,89153 Calderon Run Tonychester  HI 58596,4990,171,132249.43,2012-02-05
676,16312 Jenkins Summit New Michaelborough  WV 26300,4589,142,166974.68,2012-06-21
677,5821 Crystal Extension Amychester  ID 63958,4510,176,197493.53,2009-09-28
678,808 Jackson Parkways Apt. 074 Johnchester  NV 98184,4045,108,98546.09,2020-10-10
679,1294 Abbott Estates Brianview  VT 25802,4989,174,196172.75,2010-09-16
680,5992 Vanessa Squares Apt. 166 Brownport  ME 61302,4250,157,159430.36,2015-07-06
681,Unit 4348 Box 1393 DPO AA 61105,4063,143,149498.7,2002-07-25
682,440 Cameron Centers Kimberlyton  NY 87564,4228,162,108994.52,2004-07-22
683,200 Kimberly Glens Quinnfort  NH 77725,4379,170,127929.4,1996-02-21
684,96742 Lisa Park Apt. 100 Ethanside  VI 44758,4605,161,176991.84,1995-01-04
685,Unit 9825 Box 2051 DPO AA 74656,4123,142,181484.51,2012-09-13
686,1881 Long Forge Suite 292 East Jeremyport  AL 78115,4641,119,153114.44,2006-06-07
687,291 Wilkins Park Suite 209 Norrisview  TX 05522,4086,188,126061.72,2001-07-31
688,3639 Reid Roads Apt. 086 New Reneeside  GU 38937,4686,150,155823.09,2003-11-21
689,Unit 0922 Box 7014 DPO AP 36937,4196,182,167616.93,2016-01-18
690,6017 Hale Camp Suite 555 Romeroside  VA 89120,4970,151,134904.58,1995-05-24
691,16870 Christine Creek Mcdonaldfort  NC 25156,4476,145,113425.61,2021-12-08
692,45647 Aaron Track Suite 326 Lake Dustin  VI 93057,4344,185,162328.24,2009-09-16
693,253 Kenneth Ports East Nicholas  GU 29896,4302,137,120646.71,1996-12-28
694,3661 Peterson Summit Lake Michael  CO 79112,4298,170,149251.31,2015-10-27
695,6088 Evans Heights Suite 281 Millerside  AS 20774,4214,172,132079.79,2005-02-01
696,4103 Gutierrez Views Port Kenneth  WA 18087,4261,107,135029.06,2010-05-16
697,PSC 7926  Box 8501 APO AA 88948,4273,170,87074.61,1996-08-07
698,3514 Mitchell Causeway Beverlychester  NC 52182,4038,129,181405.57,2002-12-14
699,9963 Leah Springs Port John  TN 89195,4463,143,191698.64,2008-08-17
700,876 Hines Key Apt. 799 North Philipfort  NM 62680,4967,132,155087.68,2013-04-20
