id,fecha,id_cliente,codigo_producto,metodo_pago,cantidad,envio,total
1,2022-06-28,504,1073:771,efectivo,2:6,13.2,4239.66
2,2020-04-09,467,1185:78,efectivo,5:3,19.71,1098.49
3,2022-02-17,644,84:1154,efectivo,1:6,7.73,1741.4699999999998
4,2021-12-08,432,1169:302,efectivo,2:4,18.94,881.74
5,2023-12-28,522,230:164,efectivo,5:8,22.09,3467.61
6,2022-10-01,252,800:168,efectivo,10:5,16.92,6872.5
7,2020-12-16,74,26:344,efectivo,8:4,5.08,5897.719999999999
8,2023-06-18,165,110:1034,efectivo,2:8,6.76,3831.2000000000003
9,2020-01-14,696,778:405,efectivo,6:9,11.2,4928.85
10,2021-11-17,284,838:833,tarjeta,9:5,23.53,6917.54
11,2020-09-16,443,1133:906,tarjeta,3:5,22.77,1783.3600000000001
12,2022-06-18,321,807:995,tarjeta,7:10,7.78,4477.68
13,2022-01-09,162,1392:433,efectivo,3:7,22.55,2640.48
14,2022-12-26,549,112:619,tarjeta,4:2,23.11,1600.74
15,2021-08-03,534,1105:1173,efectivo,10:3,10.83,3792.9699999999993
16,2020-08-09,141,1098:852,tarjeta,1:4,7.03,3254.04
17,2021-11-08,428,1337:1247,tarjeta,7:6,21.33,7930.37
18,2020-12-05,286,709:920,efectivo,6:5,24.63,2920.93
19,2023-10-15,541,934:383,efectivo,7:4,12.86,4428.62
20,2022-09-19,249,1274:1031,tarjeta,6:8,5.01,6480.46
21,2019-09-09,403,43:480,efectivo,6:10,18.0,4212.46
22,2023-04-04,431,811:566,tarjeta,10:10,15.57,10472.2
23,2024-01-19,263,748:1363,efectivo,10:8,24.14,6980.52
24,2021-07-21,480,743:281,efectivo,2:7,20.51,1929.8200000000002
25,2023-10-06,189,1234:1218,tarjeta,2:4,11.2,3767.2
26,2020-07-14,692,469:1045,efectivo,6:1,5.84,4581.98
27,2022-01-10,48,194:520,efectivo,5:10,15.24,10229.3
28,2023-02-24,127,609:301,tarjeta,1:7,14.55,982.88
29,2023-08-16,121,1262:727,tarjeta,9:10,22.41,8406.23
30,2021-03-11,267,761:50,efectivo,2:9,13.29,1390.83
31,2023-04-11,506,430:70,efectivo,6:7,10.82,3164.0699999999997
32,2019-11-16,611,1032:160,tarjeta,7:6,9.83,4139.4800000000005
33,2021-02-25,29,63:1292,efectivo,7:3,15.79,4171.4400000000005
34,2022-11-17,314,1097:1279,efectivo,10:2,6.49,4159.94
35,2023-04-02,154,252:82,tarjeta,3:6,12.68,2908.05
36,2022-11-18,576,633:593,tarjeta,1:5,19.35,1572.51
37,2022-10-22,112,36:165,tarjeta,10:7,23.22,2022.2400000000002
38,2022-07-13,39,636:1237,efectivo,2:6,18.52,4082.5000000000005
39,2021-01-06,192,1117:1209,tarjeta,10:9,13.96,8800.24
40,2024-04-02,598,750:467,efectivo,10:5,18.7,9413.6
41,2020-03-25,157,114:1388,efectivo,2:8,10.21,5011.12
42,2020-05-29,217,1148:1000,tarjeta,7:10,11.2,2730.69
43,2019-04-24,566,1063:317,efectivo,10:7,7.64,8556.73
44,2020-11-03,446,1270:1001,efectivo,4:7,5.4,2464.08
45,2020-11-29,441,1320:947,tarjeta,6:7,20.0,7740.28
46,2019-06-08,351,860:814,efectivo,3:2,10.21,3197.87
47,2023-11-07,365,637:565,efectivo,4:8,13.2,4571.88
48,2023-06-20,632,4:1233,efectivo,5:9,17.54,8426.42
49,2022-07-26,586,760:216,efectivo,2:5,18.18,3671.7400000000002
50,2022-07-12,599,327:696,tarjeta,1:4,12.61,3461.79
51,2020-09-05,658,94:1319,tarjeta,8:9,10.37,7855.870000000001
52,2024-04-05,319,960:482,efectivo,9:7,16.31,9426.1
53,2022-11-20,120,645:475,efectivo,4:7,23.62,5492.36
54,2020-03-13,208,258:1112,tarjeta,10:4,22.69,2399.3599999999997
55,2022-04-23,174,756:739,tarjeta,1:3,13.03,2440.88
56,2020-12-14,109,1222:305,efectivo,5:10,16.47,4192.200000000001
57,2022-03-24,382,895:492,tarjeta,5:2,13.37,1328.31
58,2020-10-07,282,1157:700,efectivo,6:7,10.95,6868.84
59,2022-09-09,401,997:1368,efectivo,4:6,10.53,830.74
60,2020-06-27,617,266:945,efectivo,1:6,8.85,3623.08
61,2022-07-19,417,1276:775,tarjeta,1:5,6.09,2901.62
62,2020-12-12,92,410:314,efectivo,10:5,5.46,4095.6499999999996
63,2022-07-15,289,460:72,efectivo,8:10,18.52,8421.539999999999
64,2020-06-09,152,1159:35,efectivo,3:5,7.37,962.6199999999999
65,2023-11-01,539,1174:130,efectivo,8:6,21.16,4940.799999999999
66,2020-04-17,15,220:528,tarjeta,5:1,24.56,3511.8500000000004
67,2023-09-16,527,62:21,efectivo,1:4,7.28,2646.49
68,2022-01-03,622,486:1168,tarjeta,10:9,22.05,6058.51
69,2021-04-14,404,1040:311,efectivo,3:5,10.47,3591.8499999999995
70,2020-06-26,175,1352:952,efectivo,1:10,11.96,5953.59
71,2019-09-19,306,1207:990,efectivo,7:10,10.11,4880.32
72,2021-02-26,137,815:325,tarjeta,7:1,19.37,3812.16
73,2020-07-04,148,277:734,tarjeta,7:8,8.87,5699.360000000001
74,2021-08-15,363,1335:1046,efectivo,5:2,11.15,4257.95
75,2022-08-27,466,872:847,efectivo,1:6,23.49,4528.369999999999
76,2020-05-24,407,260:373,tarjeta,9:1,12.99,1135.69
77,2021-08-22,4,1287:375,tarjeta,3:5,21.23,2044.76
78,2019-11-19,335,590:892,tarjeta,2:3,17.83,874.21
79,2020-06-06,677,152:1356,tarjeta,9:10,9.77,3060.08
80,2021-05-11,168,377:89,efectivo,3:5,15.44,1741.8700000000001
81,2022-06-12,49,1312:236,efectivo,9:1,6.13,6300.08
82,2023-10-15,673,411:810,efectivo,10:8,21.16,6954.62
83,2022-09-26,600,921:1260,efectivo,4:2,12.83,1862.04
84,2022-11-20,521,44:1110,efectivo,8:6,5.24,2243.92
85,2022-02-09,450,659:658,efectivo,9:7,6.05,3425.6
86,2023-02-21,219,1197:24,efectivo,3:8,24.72,4765.219999999999
87,2019-10-15,620,1188:253,efectivo,8:3,10.58,608.8
88,2023-06-27,626,13:888,tarjeta,9:9,6.91,6233.49
89,2021-01-20,10,376:859,tarjeta,8:4,11.07,3622.12
90,2022-05-31,307,83:400,tarjeta,8:7,6.54,4128.73
91,2019-10-31,151,780:20,tarjeta,6:2,13.9,4000.1
92,2020-02-06,205,1283:1223,efectivo,10:2,6.94,6679.219999999999
93,2020-02-10,528,477:254,efectivo,4:1,9.41,1682.72
94,2020-09-03,475,119:1396,tarjeta,3:9,13.6,6016.92
95,2021-05-15,479,1052:53,tarjeta,8:3,7.12,5015.23
96,2019-09-28,40,435:1138,tarjeta,6:5,10.92,2621.11
97,2024-03-23,518,924:1193,tarjeta,3:5,24.42,639.91
98,2019-10-20,372,366:614,tarjeta,9:5,15.69,2127.91
99,2019-08-26,424,773:781,efectivo,10:5,20.51,7082.549999999999
100,2020-06-09,53,304:551,efectivo,4:2,21.63,1961.54
101,2020-10-30,273,692:542,tarjeta,3:7,13.12,7777.93
102,2023-02-05,666,16:1172,efectivo,3:7,23.97,3417.95
103,2021-03-15,150,965:231,efectivo,9:6,15.77,8753.88
104,2022-09-25,641,29:1142,efectivo,5:5,24.51,1891.4
105,2022-05-11,415,1123:875,efectivo,6:8,20.0,2844.58
106,2022-10-13,257,801:874,tarjeta,3:2,16.55,1952.8600000000001
107,2020-02-05,572,34:99,efectivo,3:7,17.83,2232.59
108,2023-01-05,183,49:1180,efectivo,2:8,16.4,357.62
109,2020-07-20,452,1261:127,efectivo,9:2,11.79,5878.6900000000005
110,2024-02-08,470,1380:556,tarjeta,4:10,22.78,9780.58
111,2022-06-05,190,1391:1355,efectivo,8:3,23.94,4328.7300000000005
112,2023-08-29,381,598:1322,efectivo,4:10,14.54,7176.7
113,2024-01-29,388,1126:134,efectivo,8:7,18.31,6170.52
114,2019-11-03,237,1382:1191,tarjeta,10:3,14.46,5096.099999999999
115,2023-01-14,457,418:1144,tarjeta,7:5,21.18,3273.4400000000005
116,2021-05-31,234,1245:256,efectivo,2:1,12.79,1340.96
117,2023-11-12,418,427:698,efectivo,4:9,15.55,7645.740000000001
118,2020-12-18,548,1315:233,tarjeta,1:5,14.67,2385.16
119,2019-09-06,370,1251:205,efectivo,10:1,11.75,6666.280000000001
120,2022-03-26,318,1381:481,efectivo,8:10,6.83,7914.16
121,2021-01-21,301,907:136,tarjeta,8:5,17.08,3805.16
122,2022-05-23,281,882:210,tarjeta,2:10,17.09,5672.9400000000005
123,2023-03-24,494,1156:559,tarjeta,6:5,19.31,5319.59
124,2022-09-24,78,1020:393,tarjeta,3:4,15.79,2144.92
125,2020-03-28,500,52:621,efectivo,5:10,13.38,2298.15
126,2022-12-05,247,363:798,efectivo,6:2,8.99,3000.58
127,2022-09-25,131,69:240,tarjeta,4:6,21.34,3317.46
128,2019-05-14,250,201:850,efectivo,1:6,20.43,4964.779999999999
129,2023-03-14,315,1053:1296,efectivo,8:10,24.36,11483.5
130,2019-05-18,47,701:737,tarjeta,5:4,10.56,4210.530000000001
131,2019-11-15,663,91:832,efectivo,9:2,7.49,3667.34
132,2022-04-28,35,715:65,efectivo,10:7,7.74,5725.610000000001
133,2021-10-06,601,1291:578,tarjeta,2:9,8.4,5544.24
134,2020-09-29,274,491:1255,efectivo,8:2,8.09,4356.0
135,2022-05-01,312,1244:683,tarjeta,5:9,17.93,10054.300000000001
136,2023-01-07,277,221:525,efectivo,7:6,14.55,8525.060000000001
137,2023-05-01,605,1293:1113,tarjeta,10:6,21.86,8464.14
138,2021-10-16,56,279:154,efectivo,7:1,22.81,1035.6200000000001
139,2020-10-08,587,242:524,tarjeta,8:9,6.02,9817.57
140,2021-11-19,481,203:561,tarjeta,3:5,11.25,3981.34
141,2020-02-01,201,1250:597,efectivo,9:1,14.85,5782.22
142,2023-05-10,55,1395:728,tarjeta,10:4,14.49,6414.92
143,2021-06-09,253,1037:77,tarjeta,4:9,10.31,5244.17
144,2022-03-21,669,41:805,efectivo,6:6,17.35,3767.1
145,2020-11-05,434,14:1303,efectivo,3:6,19.53,5720.88
146,2022-01-30,531,821:795,tarjeta,2:5,6.91,3879.42
147,2021-06-25,57,588:96,efectivo,10:3,7.99,5582.84
148,2019-10-01,159,666:401,efectivo,4:1,9.18,1089.27
149,2024-03-27,516,688:138,tarjeta,8:8,18.1,10263.84
150,2023-03-04,602,1025:1221,efectivo,3:8,8.86,6299.52
151,2023-06-18,311,396:424,efectivo,10:5,15.99,3143.5
152,2022-02-16,595,1134:109,tarjeta,8:1,8.76,2927.04
153,2023-01-04,456,128:293,tarjeta,3:1,22.44,1618.9799999999998
154,2020-02-02,170,940:309,efectivo,9:3,14.88,6319.59
155,2023-05-19,517,399:596,tarjeta,4:1,22.95,1204.98
156,2021-07-20,338,1304:806,efectivo,3:8,12.45,6611.05
157,2021-05-22,459,471:473,tarjeta,8:2,17.64,6622.799999999999
158,2023-12-28,36,1336:1224,efectivo,7:8,16.94,9343.97
159,2020-02-10,482,1300:988,efectivo,10:7,11.38,6918.1
160,2023-03-11,606,200:529,tarjeta,3:9,6.01,8696.49
161,2019-07-29,629,54:1152,tarjeta,9:8,5.16,2352.01
162,2021-03-30,129,1039:341,tarjeta,10:2,12.35,6697.7
163,2021-01-01,80,706:308,tarjeta,10:9,19.77,4451.360000000001
164,2020-11-28,229,899:1018,tarjeta,4:6,17.73,3064.76
165,2021-04-21,609,592:893,efectivo,3:3,15.27,1147.71
166,2021-12-27,578,123:1324,efectivo,7:2,7.72,4757.7
167,2022-03-13,631,980:447,tarjeta,8:10,21.55,7572.4800000000005
168,2021-07-25,45,1232:975,efectivo,5:9,13.2,9864.54
169,2021-04-13,436,1150:549,efectivo,7:5,6.54,5557.780000000001
170,2019-10-27,163,663:389,tarjeta,2:9,11.13,1188.61
171,2022-03-11,412,951:647,tarjeta,2:5,5.6,2239.26
172,2021-11-27,241,1189:889,efectivo,3:4,9.73,533.18
173,2020-07-17,362,1308:605,efectivo,1:6,11.58,2302.71
174,2021-12-12,366,843:270,efectivo,2:2,5.87,1706.6999999999998
175,2022-08-26,532,1066:1310,efectivo,1:2,8.31,2026.7400000000002
176,2021-05-26,683,1285:286,efectivo,5:1,8.08,2805.19
177,2021-09-20,20,11:415,efectivo,3:6,7.87,3147.84
178,2023-07-02,122,125:713,efectivo,4:5,6.94,3793.17
179,2019-10-28,46,289:612,tarjeta,8:1,16.97,1084.22
180,2019-08-10,198,1253:1079,tarjeta,9:2,18.3,6915.360000000001
181,2021-12-14,501,869:689,tarjeta,8:2,11.58,2426.76
182,2021-04-24,58,17:552,efectivo,10:6,12.75,10503.939999999999
183,2021-03-29,96,680:1298,tarjeta,6:4,24.06,7309.4400000000005
184,2020-08-27,454,484:487,tarjeta,6:1,24.32,2740.36
185,2020-07-31,210,958:673,efectivo,1:4,9.79,3851.26
186,2023-02-02,130,312:1109,tarjeta,2:6,8.28,2553.8199999999997
187,2023-05-06,687,629:963,tarjeta,3:8,10.48,6557.91
188,2021-05-28,386,124:1121,efectivo,6:5,14.94,4678.63
189,2022-11-19,199,1325:170,tarjeta,7:3,18.87,5688.7699999999995
190,2021-07-24,464,474:1342,tarjeta,1:6,22.38,4311.9
191,2022-05-18,682,523:1343,efectivo,10:7,17.72,12102.39
192,2023-10-03,426,404:932,tarjeta,10:5,8.39,5250.6
193,2021-10-02,342,387:774,efectivo,10:7,18.09,4150.09
194,2021-04-24,469,283:157,efectivo,1:3,15.29,755.4000000000001
195,2022-03-01,16,927:562,efectivo,7:3,16.52,5497.6
196,2021-07-01,255,1318:2,efectivo,4:9,18.51,7684.94
197,2023-06-12,246,978:818,tarjeta,6:8,21.61,8410.04
198,2023-11-09,430,1036:966,tarjeta,8:8,15.68,9178.720000000001
199,2021-04-11,556,169:864,efectivo,10:3,21.25,6979.249999999999
200,2022-08-04,579,1062:1290,tarjeta,10:1,10.56,6744.71
201,2022-06-05,358,406:926,efectivo,6:3,15.95,3150.3599999999997
202,2022-07-19,71,732:1217,efectivo,2:8,10.28,6306.52
203,2021-04-25,402,1103:1083,tarjeta,9:3,17.9,4880.52
204,2020-06-16,497,672:640,efectivo,9:7,15.84,3361.97
205,2022-12-20,508,611:108,tarjeta,7:7,24.32,3998.26
206,2022-02-28,373,1306:553,efectivo,1:6,24.96,5330.25
207,2019-10-29,164,1107:939,tarjeta,10:6,11.61,6584.679999999999
208,2020-05-20,331,608:772,tarjeta,8:1,19.57,2660.17
209,2023-01-23,83,789:431,efectivo,1:3,15.99,1067.12
210,2023-01-16,510,498:625,tarjeta,8:3,20.66,3746.87
211,2020-04-22,495,172:919,efectivo,4:3,20.04,2386.25
212,2021-04-08,89,766:278,tarjeta,9:4,24.15,4716.73
213,2019-09-14,465,1054:685,tarjeta,3:6,12.51,6487.5
214,2023-02-20,133,45:510,tarjeta,9:2,8.86,2015.39
215,2022-05-24,458,599:827,tarjeta,5:2,18.24,2355.7200000000003
216,2020-04-06,59,101:39,tarjeta,9:9,17.44,3125.6099999999997
217,2024-04-13,90,669:1161,tarjeta,5:9,6.2,3214.21
218,2022-06-10,570,546:742,efectivo,8:4,8.75,8665.6
219,2021-06-11,688,690:704,tarjeta,5:4,15.91,5301.22
220,2020-06-06,646,584:979,efectivo,4:6,15.13,6333.08
221,2023-05-26,79,948:193,tarjeta,3:9,20.36,6045.779999999999
222,2022-02-10,135,465:996,tarjeta,9:10,12.75,6390.5199999999995
223,2021-03-05,546,461:617,efectivo,7:6,24.74,5866.02
224,2021-05-06,17,23:1329,tarjeta,4:2,11.32,3550.7
225,2021-10-28,680,946:1167,tarjeta,4:8,5.06,4243.04
226,2023-10-02,287,615:1372,tarjeta,6:10,14.33,2738.9
227,2019-05-11,672,1069:866,efectivo,8:3,15.34,7836.21
228,2022-03-07,69,7:1059,efectivo,10:10,17.56,11918.4
229,2021-01-11,619,987:1009,efectivo,9:5,16.31,2409.4
230,2019-10-16,427,241:390,tarjeta,1:2,21.29,513.67
231,2021-07-16,309,1311:794,tarjeta,9:2,6.93,7111.870000000001
232,2019-11-25,50,40:581,tarjeta,2:2,13.56,1037.18
233,2020-10-21,455,398:1365,tarjeta,10:7,18.19,3097.23
234,2022-07-19,361,357:518,efectivo,6:3,6.6,4197.450000000001
235,2021-09-25,128,1208:292,efectivo,7:7,21.54,5159.7
236,2024-02-07,276,521:163,efectivo,1:7,21.78,2310.59
237,2024-02-08,220,394:414,efectivo,7:7,13.43,3260.1800000000003
238,2023-02-08,699,1371:1362,efectivo,7:9,6.93,1756.64
239,2022-06-18,545,1116:1104,efectivo,5:3,22.0,2462.72
240,2022-03-19,13,1102:1043,tarjeta,4:9,8.97,6706.0599999999995
241,2019-05-15,294,564:1010,efectivo,6:5,20.44,4836.280000000001
242,2024-01-04,65,267:1205,efectivo,9:6,6.42,4865.76
243,2019-04-15,98,225:914,efectivo,5:4,8.1,2361.33
244,2021-01-04,662,444:403,efectivo,4:10,24.43,2980.54
245,2022-09-07,262,30:606,tarjeta,5:4,10.19,1342.05
246,2022-05-06,218,999:1350,tarjeta,7:10,6.42,1398.9
247,2019-08-25,451,182:181,tarjeta,10:2,17.98,5723.5199999999995
248,2023-09-08,196,970:356,efectivo,5:4,21.36,4943.700000000001
249,2021-09-19,327,768:1190,tarjeta,5:6,7.7,2554.65
250,2020-03-18,700,1041:654,efectivo,6:4,5.78,4506.2
251,2021-07-08,554,1074:92,efectivo,8:6,10.13,7412.64
252,2019-08-20,638,653:579,efectivo,7:2,9.52,2436.66
253,2020-04-03,453,98:507,tarjeta,3:7,21.58,6384.1900000000005
254,2019-08-14,177,10:361,tarjeta,9:10,18.08,8325.36
255,2022-04-04,674,432:488,efectivo,8:2,22.92,2086.6400000000003
256,2022-07-08,621,1367:1047,tarjeta,2:10,20.87,6302.58
257,2022-08-16,132,244:1316,efectivo,3:6,6.53,5004.33
258,2019-10-03,91,1065:1141,efectivo,9:3,19.32,7315.89
259,2022-07-03,70,412:51,efectivo,9:7,24.77,2443.1
260,2022-06-13,552,603:820,efectivo,4:10,21.15,6035.1
261,2022-09-15,223,842:699,efectivo,7:4,7.53,8264.25
262,2019-07-23,38,265:901,tarjeta,10:5,6.87,1965.35
263,2020-06-22,76,1313:1225,tarjeta,3:2,20.74,3256.65
264,2020-04-18,235,347:1026,efectivo,8:10,12.05,6503.6
265,2023-05-19,256,835:1239,tarjeta,8:8,7.71,8849.52
266,2019-05-08,84,1038:573,tarjeta,5:1,21.4,3510.48
267,2022-10-29,425,330:897,efectivo,6:6,5.02,3077.16
268,2024-03-04,509,1331:1228,tarjeta,1:10,7.77,6965.870000000001
269,2020-09-08,439,22:367,tarjeta,5:8,18.78,3593.62
270,2023-03-07,462,272:600,tarjeta,2:4,19.55,1327.6
271,2022-11-14,512,1256:1044,tarjeta,4:5,14.84,5489.82
272,2019-10-28,411,515:446,tarjeta,10:3,12.73,8333.38
273,2020-12-02,86,159:228,tarjeta,6:8,18.97,4065.6400000000003
274,2022-11-08,240,336:1394,tarjeta,10:3,14.46,5033.66
275,2021-01-01,524,809:631,tarjeta,7:2,18.85,4457.700000000001
276,2022-11-06,326,1263:574,efectivo,7:7,17.61,7068.25
277,2021-07-28,66,544:61,efectivo,7:10,10.78,8569.93
278,2020-12-31,364,1219:1346,tarjeta,8:9,24.33,6074.19
279,2022-01-12,343,209:1252,efectivo,9:9,19.52,10418.04
280,2021-10-10,243,1028:941,efectivo,4:2,13.72,2786.6800000000003
281,2023-05-16,378,349:786,efectivo,5:4,19.19,3849.71
282,2021-09-12,693,791:943,tarjeta,8:1,20.8,5210.3
283,2021-10-11,191,1181:116,tarjeta,8:1,17.39,764.28
284,2022-04-03,695,1231:372,efectivo,10:10,24.05,7202.5
285,2021-10-09,514,1033:9,tarjeta,7:5,5.23,5749.0599999999995
286,2022-11-23,678,306:1361,efectivo,4:7,18.95,1173.89
287,2021-05-06,22,540:1021,tarjeta,1:7,18.1,3609.4500000000003
288,2021-01-14,400,828:497,tarjeta,10:4,23.08,6507.02
289,2019-12-17,594,856:326,tarjeta,8:7,21.84,8366.13
290,2021-03-14,320,1075:338,tarjeta,3:8,9.38,4568.76
291,2019-07-19,77,962:968,tarjeta,7:9,21.29,11885.76
292,2020-02-20,44,1210:1184,tarjeta,5:10,20.93,3501.8
293,2020-03-14,85,1400:247,tarjeta,5:9,14.58,5601.8099999999995
294,2021-02-02,178,113:802,tarjeta,8:2,10.48,5203.52
295,2021-09-24,582,329:478,tarjeta,7:7,23.8,5214.09
296,2021-08-12,654,1176:343,efectivo,9:1,24.75,2451.06
297,2019-11-27,104,1389:470,efectivo,3:10,21.31,8122.5599999999995
298,2021-03-01,671,148:137,efectivo,5:7,8.67,4631.26
299,2019-09-08,224,504:628,tarjeta,4:1,15.19,1770.93
300,2022-06-16,577,441:1,efectivo,1:10,13.51,5998.36
301,2021-08-14,537,177:466,tarjeta,3:4,6.81,4080.0
302,2022-08-06,195,351:494,efectivo,7:6,19.09,4500.33
303,2022-04-22,387,388:468,tarjeta,1:6,14.94,4058.1699999999996
304,2020-01-14,211,572:248,efectivo,2:7,23.97,3350.79
305,2019-08-27,123,288:752,tarjeta,2:3,16.38,2033.3400000000001
306,2020-07-08,613,413:708,tarjeta,2:5,20.92,2235.3900000000003
307,2024-02-10,492,719:957,efectivo,7:3,21.96,4706.09
308,2022-10-07,367,745:1122,efectivo,2:6,16.8,3192.46
309,2022-09-21,197,915:792,efectivo,8:7,5.51,5323.4400000000005
310,2022-05-24,126,319:285,efectivo,9:8,19.66,3991.2299999999996
311,2020-12-27,355,1178:1087,efectivo,7:6,22.47,4446.02
312,2020-10-08,650,900:206,tarjeta,3:2,13.0,1569.37
313,2022-05-18,352,1374:189,tarjeta,3:9,19.18,5792.4
314,2021-03-22,551,972:1003,tarjeta,8:1,14.38,5985.88
315,2020-05-08,593,675:93,tarjeta,5:10,11.44,6862.3
316,2023-01-16,420,618:545,tarjeta,8:6,10.16,6308.62
317,2020-11-17,379,503:37,efectivo,3:4,20.81,1372.88
318,2021-04-16,181,679:817,efectivo,10:1,18.83,8265.11
319,2022-03-10,416,149:824,tarjeta,9:6,13.24,4926.84
320,2023-12-17,380,717:1162,efectivo,4:1,22.55,1653.91
321,2022-01-05,359,722:452,efectivo,7:2,7.03,3802.07
322,2020-03-17,144,871:1344,tarjeta,2:9,9.94,5692.570000000001
323,2022-09-15,659,144:246,tarjeta,3:9,14.16,3756.27
324,2024-03-30,357,665:844,efectivo,1:7,15.45,5369.95
325,2022-05-16,553,796:1334,tarjeta,6:4,21.44,5902.52
326,2022-10-15,136,822:1376,tarjeta,10:2,21.91,5940.9400000000005
327,2022-07-18,664,397:712,efectivo,5:5,5.92,2934.0
328,2020-10-01,317,1164:1115,efectivo,7:3,6.94,2590.85
329,2024-02-22,230,1243:627,efectivo,6:9,13.78,5517.570000000001
330,2023-07-16,413,339:935,efectivo,9:2,11.14,3934.91
331,2023-01-29,213,1265:1012,efectivo,2:6,12.1,3508.42
332,2019-12-13,125,1137:1019,tarjeta,1:5,18.08,2351.07
333,2022-09-07,171,297:1339,tarjeta,2:10,20.62,6285.38
334,2019-06-25,322,757:1215,tarjeta,4:1,11.88,2524.44
335,2024-02-07,520,192:589,efectivo,1:9,23.61,2938.46
336,2023-07-22,160,567:1085,efectivo,1:7,22.26,5392.220000000001
337,2022-09-10,397,385:918,tarjeta,9:10,14.07,2355.11
338,2019-10-27,634,555:548,tarjeta,9:8,24.94,13227.53
339,2023-03-16,156,1099:736,efectivo,6:5,6.44,4898.14
340,2022-03-03,423,1187:1004,tarjeta,3:3,9.6,225.89999999999998
341,2020-06-10,7,1100:180,tarjeta,4:5,20.88,3616.16
342,2022-12-09,502,133:199,efectivo,2:6,12.86,4284.64
343,2022-11-08,114,1264:1006,tarjeta,6:8,17.63,3588.62
344,2023-11-16,72,362:320,efectivo,9:3,11.88,3826.32
345,2023-02-25,173,813:753,tarjeta,5:9,15.05,7962.530000000001
346,2020-02-07,18,594:1385,tarjeta,10:4,9.97,4734.68
347,2020-09-16,212,1241:1125,tarjeta,8:4,19.89,6211.320000000001
348,2024-04-09,396,788:147,tarjeta,1:7,7.73,2104.38
349,2022-04-26,292,1170:42,tarjeta,3:7,7.61,1061.84
350,2023-07-22,214,392:428,efectivo,3:6,7.22,1231.23
351,2020-03-18,429,754:379,efectivo,6:6,23.17,7073.94
352,2019-09-27,202,290:746,tarjeta,1:4,15.38,3871.46
353,2021-05-02,607,87:586,efectivo,1:5,7.14,1783.9899999999998
354,2019-11-16,187,735:5,tarjeta,3:6,9.33,5053.62
355,2019-11-28,142,1353:1092,tarjeta,5:8,10.3,1989.9299999999998
356,2023-11-15,529,1060:8,efectivo,3:7,8.91,3258.6299999999997
357,2020-11-12,254,1015:1096,efectivo,6:4,5.19,2047.8200000000002
358,2019-09-22,535,994:845,tarjeta,6:2,8.56,3982.1
359,2021-11-13,624,1086:276,tarjeta,10:8,20.74,8273.88
360,2019-11-30,239,1249:1111,efectivo,3:5,23.75,3683.68
361,2022-03-16,30,747:657,efectivo,9:8,8.72,12151.78
362,2022-08-20,344,1309:839,tarjeta,2:7,13.74,3730.96
363,2020-04-01,139,519:1314,efectivo,1:9,13.21,5881.5199999999995
364,2021-03-28,186,1158:269,tarjeta,4:1,17.11,2683.63
365,2019-07-29,486,601:1143,efectivo,9:4,6.52,3810.8100000000004
366,2020-04-11,259,953:176,tarjeta,3:3,9.8,2251.2599999999998
367,2022-12-22,675,790:79,efectivo,10:4,13.68,7995.52
368,2022-12-22,75,1070:776,tarjeta,5:4,14.25,2974.5
369,2020-05-19,575,998:259,tarjeta,6:4,19.72,6600.34
370,2023-12-07,463,1120:1011,tarjeta,1:8,7.72,1909.7800000000002
371,2023-03-01,438,501:458,tarjeta,4:4,13.04,6724.84
372,2019-11-26,32,111:340,tarjeta,5:5,23.87,1880.75
373,2022-01-12,33,106:620,tarjeta,8:4,13.95,2080.2
374,2020-04-18,180,531:370,efectivo,8:4,13.25,6819.08
375,2021-03-21,43,499:909,tarjeta,7:3,11.47,5109.72
376,2022-05-13,565,485:522,efectivo,2:10,23.94,8852.24
377,2020-01-12,653,132:299,tarjeta,2:9,21.98,1557.48
378,2019-09-03,685,1358:416,efectivo,6:8,15.35,2275.42
379,2023-05-05,260,85:730,tarjeta,4:9,22.88,9438.34
380,2019-11-17,209,1094:763,efectivo,8:1,11.8,2128.34
381,2019-10-20,194,75:1282,efectivo,7:7,15.55,9005.71
382,2022-08-05,656,105:342,tarjeta,5:8,14.76,2383.58
383,2022-01-11,94,643:649,tarjeta,2:3,18.72,1536.29
384,2021-02-04,390,122:1201,efectivo,9:10,16.56,7359.969999999999
385,2020-10-03,686,131:74,efectivo,7:7,16.64,6738.62
386,2020-01-13,238,104:505,efectivo,4:9,24.04,7502.259999999999
387,2022-07-10,499,733:1119,tarjeta,7:7,9.5,8017.799999999999
388,2023-07-28,550,1272:368,efectivo,3:7,8.32,4228.99
389,2023-04-20,571,337:1118,efectivo,10:1,12.82,1865.48
390,2024-04-03,511,1302:1327,efectivo,1:5,19.59,3217.5799999999995
391,2022-09-14,302,1171:543,efectivo,7:7,6.01,4418.96
392,2019-11-25,543,667:1139,tarjeta,10:4,5.55,5689.22
393,2023-07-09,536,1024:255,tarjeta,7:4,12.77,5120.99
394,2021-03-01,405,870:1383,tarjeta,8:1,18.77,1306.02
395,2023-04-12,567,711:580,efectivo,1:7,12.22,3157.12
396,2023-11-07,349,275:227,tarjeta,9:1,16.74,8665.859999999999
397,2023-04-01,557,287:382,tarjeta,4:5,21.19,1304.37
398,2020-04-09,204,854:1049,efectivo,8:8,23.13,5879.76
399,2023-11-13,433,59:896,efectivo,3:6,15.03,1566.9299999999998
400,2020-11-06,31,1259:1206,efectivo,5:7,21.92,9016.31
401,2021-07-25,661,655:724,efectivo,7:4,5.94,6910.110000000001
402,2020-07-21,538,650:841,efectivo,4:6,21.21,4766.0
403,2023-08-23,490,1347:1328,efectivo,6:8,13.09,5621.26
404,2020-10-19,169,639:799,tarjeta,9:5,13.19,4130.23
405,2023-09-26,468,457:783,tarjeta,1:7,9.62,5252.69
406,2020-10-12,640,726:1005,efectivo,4:7,17.46,7288.110000000001
407,2021-01-01,485,198:626,tarjeta,5:5,14.32,5221.55
408,2023-04-15,232,352:359,tarjeta,6:6,14.75,2011.3200000000002
409,2023-12-18,697,982:1357,efectivo,10:2,8.94,5436.84
410,2022-03-09,8,917:989,efectivo,7:6,14.2,3120.9199999999996
411,2023-12-02,145,391:268,tarjeta,4:10,14.82,9930.98
412,2022-01-06,304,1398:420,efectivo,10:7,11.61,8830.35
413,2023-03-21,97,1042:702,efectivo,2:8,10.72,8084.46
414,2021-04-29,341,307:1175,tarjeta,4:3,17.18,1524.31
415,2023-10-11,633,1238:604,tarjeta,10:6,7.54,10826.66
416,2020-10-20,580,315:830,efectivo,9:10,13.03,7494.38
417,2021-10-29,523,1022:526,tarjeta,3:7,20.12,5831.450000000001
418,2023-10-15,384,438:557,efectivo,10:1,21.56,9397.35
419,2022-05-30,268,185:693,efectivo,10:10,21.28,10095.599999999999
420,2022-07-06,507,831:190,efectivo,1:8,22.16,2049.8
421,2021-09-15,540,931:58,tarjeta,1:10,9.92,4208.75
422,2022-07-25,24,179:1061,tarjeta,5:10,5.55,3412.7000000000003
423,2020-11-02,179,944:332,efectivo,2:3,18.75,1740.3600000000001
424,2023-03-03,648,532:1179,tarjeta,1:10,12.96,3011.1000000000004
425,2021-01-09,42,126:204,efectivo,4:5,10.52,6968.82
426,2023-03-21,14,12:890,efectivo,1:9,16.38,927.57
427,2022-11-12,690,512:129,efectivo,1:9,14.05,5830.669999999999
428,2019-12-21,513,1375:803,tarjeta,2:1,18.68,2251.3
429,2020-02-10,460,1286:1055,tarjeta,5:5,23.13,5628.35
430,2024-01-28,564,1136:884,efectivo,5:10,12.64,2194.3
431,2020-12-18,21,1271:1254,efectivo,1:4,18.32,4538.44
432,2022-02-03,655,1095:28,tarjeta,10:5,15.44,3715.1
433,2022-03-01,491,151:632,efectivo,10:3,11.36,5745.01
434,2023-03-03,589,371:670,tarjeta,4:10,15.34,5326.38
435,2022-05-10,329,425:1198,efectivo,6:8,12.48,7342.76
436,2021-11-23,82,48:837,tarjeta,5:9,21.4,8030.35
437,2022-06-16,264,858:969,efectivo,1:3,22.9,2119.9599999999996
438,2021-12-19,591,1373:646,efectivo,2:5,23.24,3827.85
439,2023-09-03,561,360:731,efectivo,5:3,7.11,3706.11
440,2022-11-18,398,334:333,tarjeta,7:7,22.15,5905.48
441,2023-02-19,117,1166:825,tarjeta,7:6,17.93,5333.31
442,2022-03-23,684,175:1081,tarjeta,5:10,14.65,2092.6000000000004
443,2019-08-29,679,421:547,efectivo,1:8,11.33,2411.9
444,2023-07-25,435,779:983,efectivo,8:5,24.55,7393.65
445,2023-12-12,158,1071:355,efectivo,3:9,23.77,1821.2700000000002
446,2023-04-30,369,1147:1289,tarjeta,9:4,15.6,5107.84
447,2020-09-14,461,1369:610,efectivo,7:4,18.12,2754.2299999999996
448,2020-03-02,316,442:1056,tarjeta,3:6,11.88,4180.92
449,2021-10-14,583,923:80,tarjeta,9:5,13.4,2160.79
450,2019-12-06,560,635:171,tarjeta,2:10,17.74,2305.94
451,2020-07-05,515,922:102,tarjeta,10:5,13.25,1237.3000000000002
452,2023-01-27,280,426:166,tarjeta,5:7,19.94,8410.77
453,2021-03-06,472,1145:365,tarjeta,9:7,10.29,4383.91
454,2020-03-08,489,691:1281,tarjeta,2:5,21.39,6046.12
455,2023-08-30,440,755:1135,tarjeta,8:9,5.49,10471.279999999999
456,2022-12-09,334,539:463,tarjeta,5:6,11.8,6689.29
457,2020-07-27,184,894:224,tarjeta,3:7,5.75,6777.150000000001
458,2021-06-29,60,66:602,efectivo,4:6,12.4,3292.58
459,2019-05-13,625,140:571,efectivo,6:10,12.96,6544.08
460,2020-08-13,336,879:508,tarjeta,8:3,24.73,2723.42
461,2021-03-10,347,219:90,tarjeta,8:6,20.63,8781.960000000001
462,2024-01-15,283,1149:1340,efectivo,4:8,15.04,6013.96
463,2022-11-15,422,849:489,tarjeta,7:10,11.59,10707.1
464,2022-02-24,54,243:638,efectivo,8:10,23.43,5275.0599999999995
465,2021-10-30,445,538:239,efectivo,4:7,21.16,4460.089999999999
466,2020-09-19,651,211:1354,efectivo,2:5,24.2,3038.5299999999997
467,2022-06-14,106,1288:686,tarjeta,8:8,6.06,13511.68
468,2021-03-05,493,536:274,efectivo,2:8,19.69,7603.98
469,2022-08-20,166,374:142,tarjeta,6:6,9.99,4599.48
470,2021-07-09,138,664:167,efectivo,6:5,19.67,5378.75
471,2022-11-01,226,1216:986,efectivo,7:1,12.23,4952.459999999999
472,2019-09-30,73,678:27,tarjeta,3:4,20.59,3855.72
473,2023-08-30,573,146:500,efectivo,6:9,11.34,9756.24
474,2023-08-04,442,959:107,tarjeta,10:3,8.25,6029.82
475,2022-10-03,448,251:1088,tarjeta,2:7,8.03,1791.1599999999999
476,2020-10-19,668,591:322,tarjeta,2:1,16.71,989.8399999999999
477,2022-04-01,303,716:695,tarjeta,2:6,21.25,6700.34
478,2023-11-19,221,1267:120,tarjeta,6:7,7.72,9295.11
479,2020-05-28,134,1317:710,efectivo,2:1,8.21,2010.05
480,2021-09-26,542,903:705,tarjeta,2:1,5.52,990.41
481,2020-08-26,2,904:1284,tarjeta,2:7,5.81,6264.72
482,2019-06-22,639,759:1349,tarjeta,6:7,10.71,5297.99
483,2022-10-29,374,439:440,efectivo,2:5,17.07,6447.7
484,2024-01-29,525,955:454,efectivo,5:9,6.05,11338.41
485,2021-09-23,324,57:697,efectivo,6:1,23.01,3182.3399999999997
486,2024-03-11,310,1377:984,efectivo,7:6,5.71,8621.8
487,2024-01-25,266,740:1386,efectivo,1:2,24.71,2566.62
488,2021-01-03,346,681:237,efectivo,5:4,15.0,6120.48
489,2021-02-14,285,823:1194,efectivo,5:1,9.94,2076.02
490,2022-08-04,116,916:291,efectivo,6:10,13.58,590.5600000000001
491,2022-01-12,290,33:234,tarjeta,9:2,8.64,9525.21
492,2022-11-12,694,1275:534,efectivo,5:3,22.38,5006.05
493,2021-02-27,345,1360:1258,tarjeta,8:9,24.41,10059.7
494,2022-10-20,62,386:1016,tarjeta,1:10,22.4,2373.47
495,2021-03-07,519,155:1195,efectivo,1:10,24.78,2813.8100000000004
496,2019-07-17,113,318:642,efectivo,4:7,13.18,2408.0699999999997
497,2023-10-16,449,88:721,efectivo,1:5,11.94,4965.99
498,2019-12-02,670,1246:217,efectivo,10:5,21.05,13829.3
499,2022-08-21,271,607:345,efectivo,3:6,8.93,1857.69
500,2023-12-25,647,1153:1333,tarjeta,7:7,20.82,6819.47
501,2020-06-07,610,1182:196,tarjeta,3:9,20.97,2571.06
502,2020-05-31,272,324:350,efectivo,2:9,7.82,2352.13
503,2022-05-21,340,1127:677,tarjeta,6:5,23.62,5879.879999999999
504,2021-10-10,421,725:816,tarjeta,7:7,5.81,9249.03
505,2021-12-21,323,73:764,efectivo,1:1,10.53,1010.43
506,2024-01-28,630,513:767,tarjeta,8:1,13.05,6540.5
507,2021-12-29,93,296:981,efectivo,10:9,9.08,4950.85
508,2020-10-04,95,662:261,efectivo,8:2,5.85,5355.42
509,2023-12-30,385,676:1186,efectivo,9:8,7.35,9012.199999999999
510,2021-03-12,295,1387:445,tarjeta,6:9,10.53,13121.699999999999
511,2022-02-02,261,509:826,tarjeta,8:7,9.72,8515.8
512,2020-12-01,505,436:1299,tarjeta,2:10,24.64,7553.999999999999
513,2019-11-12,245,229:762,efectivo,10:4,18.82,7759.9
514,2020-09-28,360,812:862,efectivo,5:6,16.64,6195.7
515,2021-09-17,146,595:1212,tarjeta,5:1,22.89,2056.48
516,2021-12-29,236,197:991,tarjeta,2:2,11.55,2877.58
517,2019-07-15,698,451:511,tarjeta,1:3,13.65,3182.29
518,2020-04-22,222,648:929,tarjeta,8:4,11.79,4497.4
519,2019-07-22,526,409:1229,efectivo,2:1,24.88,858.53
520,2021-06-08,63,381:575,efectivo,6:1,18.77,1652.9099999999999
521,2022-11-01,555,1214:868,tarjeta,6:2,6.95,4815.98
522,2019-04-23,37,67:974,efectivo,10:5,12.29,6673.4
523,2020-03-30,406,162:476,efectivo,4:2,22.71,4093.62
524,2024-04-09,337,178:222,efectivo,10:7,7.71,8689.380000000001
525,2021-03-24,368,3:423,efectivo,1:2,15.01,2206.46
526,2020-12-25,389,1002:280,efectivo,4:7,14.05,8317.17
527,2023-08-27,394,490:380,tarjeta,2:1,11.45,1666.21
528,2021-09-24,691,479:443,efectivo,9:4,15.81,10178.98
529,2022-05-21,547,550:214,efectivo,8:5,10.27,6197.5
530,2024-01-27,333,793:651,efectivo,2:2,5.13,2168.3
531,2024-02-01,409,407:1155,tarjeta,7:9,23.31,4781.72
532,2020-09-10,300,184:880,efectivo,1:5,19.91,522.95
533,2020-03-16,496,569:1014,efectivo,6:3,16.29,2535.69
534,2021-11-11,383,674:46,efectivo,7:9,21.78,14060.789999999999
535,2021-03-12,584,71:153,efectivo,2:1,24.91,1337.87
536,2019-08-13,498,785:1091,efectivo,6:5,12.5,4365.5
537,2023-11-27,660,25:720,efectivo,7:9,24.18,11113.23
538,2022-10-22,488,533:1366,tarjeta,6:8,21.04,2967.46
539,2023-09-24,140,1200:1390,efectivo,1:9,6.86,7474.72
540,2020-06-12,225,1068:576,tarjeta,10:2,12.17,1672.7800000000002
541,2023-07-03,298,195:271,tarjeta,8:5,22.92,6199.55
542,2019-08-18,612,1236:1051,efectivo,8:9,8.56,9424.51
543,2020-06-10,299,613:335,efectivo,6:5,24.63,3813.16
544,2021-06-26,665,303:865,efectivo,8:9,5.16,4867.34
545,2020-09-25,81,354:1177,tarjeta,7:10,14.55,3443.4700000000003
546,2022-03-05,603,787:1202,tarjeta,7:9,5.62,6528.080000000001
547,2020-06-01,616,156:1384,tarjeta,6:8,6.99,9704.06
548,2021-07-04,200,881:1058,tarjeta,1:4,18.78,1007.6700000000001
549,2019-05-25,339,323:263,tarjeta,4:8,20.87,8918.56
550,2021-06-13,676,1023:19,tarjeta,6:4,10.91,2747.34
551,2023-03-08,503,910:402,efectivo,5:6,19.92,763.5999999999999
552,2020-07-16,597,212:1278,tarjeta,2:10,20.93,10776.68
553,2020-01-16,28,1017:770,tarjeta,8:2,24.14,2947.0
554,2019-05-30,119,429:1280,efectivo,1:6,18.46,6257.5
555,2023-01-11,52,76:121,tarjeta,10:5,9.22,6798.95
556,2020-10-22,637,1080:660,efectivo,6:3,16.38,1955.9099999999999
557,2020-04-25,399,1269:765,efectivo,10:9,5.18,14413.7
558,2023-11-22,437,661:86,tarjeta,3:4,13.83,2164.5099999999998
559,2023-10-20,657,97:1397,tarjeta,8:3,5.37,4084.2199999999993
560,2022-07-31,305,262:738,efectivo,2:2,23.37,3719.8599999999997
561,2021-09-24,574,933:202,tarjeta,3:2,6.76,2595.0299999999997
562,2022-04-24,176,55:298,efectivo,5:3,9.79,4844.29
563,2020-11-28,636,641:928,efectivo,1:1,23.12,340.41999999999996
564,2019-12-24,623,1348:174,tarjeta,2:4,5.21,1302.34
565,2019-08-18,568,1370:687,efectivo,6:10,17.52,9382.619999999999
566,2019-06-30,477,188:694,tarjeta,6:8,13.9,7656.48
567,2021-02-12,278,898:250,efectivo,7:7,20.28,3850.9099999999994
568,2019-07-13,270,530:1128,tarjeta,1:7,23.06,2936.6600000000003
569,2022-06-02,11,714:208,efectivo,2:5,18.93,6609.68
570,2019-12-17,392,537:1359,tarjeta,10:2,10.71,2325.84
571,2023-04-01,111,408:1029,efectivo,5:4,12.23,1415.45
572,2020-09-25,88,173:1057,efectivo,7:10,7.03,3832.7000000000003
573,2020-10-31,297,908:1364,tarjeta,4:10,21.44,2389.54
574,2021-06-03,559,1338:1064,efectivo,4:8,12.95,4007.2799999999997
575,2021-10-11,474,47:1266,efectivo,5:9,15.05,12706.75
576,2020-09-08,147,81:652,efectivo,10:9,10.44,7962.35
577,2019-11-03,348,294:449,tarjeta,9:3,10.66,3305.19
578,2021-06-22,391,668:1132,efectivo,9:7,8.81,6186.8099999999995
579,2023-06-29,473,758:891,efectivo,5:4,15.77,3316.86
580,2022-03-22,102,218:682,efectivo,1:3,16.85,3340.02
581,2024-01-13,26,378:422,tarjeta,6:3,12.57,4101.12
582,2021-09-06,258,1204:346,tarjeta,5:6,12.44,2140.76
583,2020-05-26,161,930:570,efectivo,3:5,10.95,2287.7999999999997
584,2019-09-04,12,115:883,efectivo,8:9,7.14,5087.55
585,2021-06-16,350,1295:1163,tarjeta,6:3,10.17,4761.87
586,2020-09-29,27,1226:848,tarjeta,6:9,24.74,8306.880000000001
587,2019-11-04,410,703:861,efectivo,4:6,5.63,6798.16
588,2021-11-30,215,912:1007,efectivo,3:2,23.37,1053.28
589,2020-12-22,487,1114:1151,tarjeta,4:1,19.4,1202.45
590,2019-10-26,533,462:769,efectivo,7:5,24.71,9783.630000000001
591,2019-12-26,118,434:316,tarjeta,5:8,20.48,7980.0599999999995
592,2024-03-07,115,1230:1393,efectivo,8:4,15.21,8312.64
593,2023-11-18,544,744:1242,efectivo,1:7,23.91,7341.84
594,2023-04-11,23,455:961,efectivo,6:9,21.45,10621.32
595,2023-05-08,216,1345:644,efectivo,5:2,6.28,1361.79
596,2019-06-04,182,1321:950,efectivo,10:2,18.9,5767.699999999999
597,2023-12-01,188,851:808,efectivo,7:6,17.9,7335.1
598,2021-12-24,207,729:1330,tarjeta,10:9,15.86,14323.720000000001
599,2020-01-30,100,541:1067,efectivo,5:8,12.51,1765.83
600,2021-11-03,185,560:235,efectivo,4:3,6.05,2337.41
601,2023-06-21,395,723:437,efectivo,6:6,6.06,11235.54
602,2019-06-28,279,495:707,efectivo,8:1,24.4,6724.45
603,2021-07-19,105,622:161,efectivo,6:1,21.58,1161.4299999999998
604,2024-02-08,328,496:937,tarjeta,2:9,23.68,3580.29
605,2023-09-27,228,1379:1323,efectivo,4:8,10.65,7455.44
606,2023-04-13,645,751:6,efectivo,1:2,6.68,1684.54
607,2021-06-24,87,95:64,efectivo,2:10,12.89,4388.38
608,2021-06-05,242,558:554,tarjeta,3:2,13.94,931.75
609,2023-10-09,103,1129:971,tarjeta,2:6,12.67,3869.8799999999997
610,2024-04-11,558,1268:1050,efectivo,10:9,8.59,11020.43
611,2023-12-25,604,1341:1211,tarjeta,3:6,21.95,5406.42
612,2021-06-08,231,846:582,tarjeta,3:9,11.96,4331.91
613,2019-11-08,107,1030:158,tarjeta,6:10,16.55,6726.400000000001
614,2020-03-19,143,855:1301,tarjeta,9:5,24.84,7344.2
615,2021-07-26,265,797:1130,tarjeta,2:8,6.75,3790.84
616,2021-11-28,1,1294:834,efectivo,6:2,24.13,4166.68
617,2020-05-14,3,364:804,tarjeta,5:4,19.42,3400.8500000000004
618,2023-05-25,569,718:1378,efectivo,8:3,12.6,10027.82
619,2022-06-10,25,1248:1199,tarjeta,5:4,23.0,5469.38
620,2021-04-07,588,450:226,tarjeta,3:2,8.93,3940.1099999999997
621,2021-08-05,649,587:1035,efectivo,6:4,19.07,2750.74
622,2020-10-08,41,949:624,efectivo,10:4,21.92,2786.38
623,2020-02-10,608,493:139,tarjeta,10:9,5.78,12305.97
624,2019-07-21,483,358:1240,efectivo,2:4,14.4,3984.26
625,2020-02-15,596,135:31,efectivo,9:1,11.03,6030.2
626,2023-11-01,376,264:1307,tarjeta,6:10,8.65,11135.259999999998
627,2023-11-27,296,56:1090,tarjeta,10:2,23.99,9612.82
628,2020-08-30,476,876:985,efectivo,6:5,8.67,2862.79
629,2020-03-27,478,819:623,efectivo,2:8,17.23,1563.3600000000001
630,2024-04-03,67,1124:1235,tarjeta,2:1,20.22,1539.62
631,2023-05-26,408,348:583,efectivo,5:10,8.22,3988.95
632,2023-10-02,689,1203:483,efectivo,1:10,6.15,7443.22
633,2022-07-10,153,331:1297,tarjeta,10:9,18.46,9358.82
634,2022-07-15,419,517:1140,efectivo,4:10,8.61,6100.4
635,2019-04-21,275,954:527,tarjeta,7:5,23.42,7487.44
636,2023-04-09,172,1101:1078,tarjeta,9:2,12.5,1912.94
637,2019-04-14,444,353:213,efectivo,9:2,19.11,3391.17
638,2021-08-12,9,585:150,tarjeta,6:10,17.14,7326.64
639,2021-06-15,652,829:141,tarjeta,1:6,19.74,3631.46
640,2019-06-03,193,1146:634,tarjeta,4:3,14.8,1563.63
641,2019-10-26,332,671:32,efectivo,1:7,17.06,7026.459999999999
642,2021-05-07,618,741:187,tarjeta,2:2,24.24,2332.04
643,2023-04-29,643,395:38,tarjeta,4:6,16.99,6086.78
644,2022-04-27,375,295:1165,tarjeta,6:1,9.49,729.21
645,2021-02-28,635,977:245,efectivo,5:6,18.85,5886.119999999999
646,2023-07-03,581,925:1227,tarjeta,2:2,18.33,1747.7599999999998
647,2024-03-25,371,472:516,efectivo,3:10,23.13,10287.77
648,2023-07-11,614,973:1305,efectivo,5:4,22.42,4986.82
649,2019-08-29,563,568:1131,tarjeta,4:2,14.75,1887.7199999999998
650,2023-03-22,227,186:1108,efectivo,6:9,23.9,2964.42
651,2020-11-14,592,502:1013,efectivo,8:1,10.85,5988.01
652,2024-02-04,101,60:563,tarjeta,1:9,22.56,3232.94
653,2020-08-06,615,886:1183,tarjeta,4:6,7.22,1612.48
654,2023-08-06,562,1160:1072,efectivo,7:3,14.34,3427.2900000000004
655,2019-04-19,354,191:967,tarjeta,4:2,22.43,1920.84
656,2024-02-22,590,911:459,tarjeta,9:5,18.36,4973.09
657,2021-11-11,110,877:328,tarjeta,10:6,9.96,3156.82
658,2021-07-20,308,100:782,efectivo,5:4,19.8,3495.8999999999996
659,2020-02-04,642,863:284,tarjeta,9:7,9.36,4819.96
660,2020-01-22,206,535:1273,efectivo,4:3,10.46,3413.6
661,2020-12-12,34,448:313,tarjeta,7:2,20.28,7291.34
662,2022-12-16,628,1008:577,tarjeta,4:5,20.82,3565.25
663,2021-10-15,291,1332:18,tarjeta,1:5,17.22,2350.58
664,2021-09-30,51,207:964,tarjeta,5:10,17.59,10110.9
665,2020-05-17,167,1257:282,efectivo,7:8,12.84,6764.86
666,2023-02-12,68,453:777,tarjeta,4:10,22.49,9971.36
667,2022-07-01,353,1084:656,tarjeta,5:8,11.09,4068.9
668,2023-07-03,288,456:118,efectivo,7:5,23.23,9544.779999999999
669,2023-05-10,6,257:905,efectivo,2:5,5.41,1905.12
670,2021-02-23,330,310:867,efectivo,9:4,13.42,5791.18
671,2020-08-24,325,232:913,tarjeta,6:1,12.16,3203.4799999999996
672,2022-10-19,19,836:936,tarjeta,9:3,8.81,4040.55
673,2022-01-17,108,976:1027,tarjeta,8:10,15.78,6473.86
674,2024-02-21,681,873:117,efectivo,10:9,7.63,5715.67
675,2021-11-27,203,1277:857,tarjeta,9:6,20.88,10996.8
676,2019-05-01,356,215:1077,tarjeta,4:3,20.87,4078.1400000000003
677,2019-06-24,313,992:1213,tarjeta,9:2,5.96,5749.91
678,2022-04-18,414,223:145,efectivo,4:3,16.65,5396.1900000000005
679,2022-08-02,61,143:885,tarjeta,10:2,18.63,5561.280000000001
680,2021-05-11,627,749:1196,tarjeta,8:2,19.72,8102.2
681,2020-03-21,149,68:514,tarjeta,2:7,20.17,5980.56
682,2023-07-20,530,1076:1082,efectivo,9:7,5.52,1668.16
683,2024-03-24,447,784:630,tarjeta,2:7,20.9,1947.3899999999999
684,2022-06-21,269,878:15,efectivo,3:2,11.89,916.29
685,2023-01-24,124,1351:1089,tarjeta,1:8,23.15,1065.25
686,2023-03-02,244,238:1399,tarjeta,6:7,13.41,8821.119999999999
687,2020-09-21,64,1326:902,efectivo,8:7,12.98,4370.46
688,2022-10-20,377,384:464,efectivo,4:7,6.77,7609.01
689,2019-09-19,585,103:417,tarjeta,5:5,11.37,1597.95
690,2021-10-27,471,1192:840,efectivo,1:3,12.95,1336.42
691,2022-05-22,293,369:1048,tarjeta,7:10,24.85,3923.4900000000002
692,2021-09-15,155,956:1106,tarjeta,10:7,12.49,6729.86
693,2019-11-25,393,249:616,efectivo,5:1,13.68,2937.3599999999997
694,2020-09-09,484,273:1220,efectivo,8:5,14.9,10413.43
695,2021-05-07,99,419:853,efectivo,7:8,18.22,4766.95
696,2020-04-14,233,321:684,efectivo,2:8,22.54,7240.12
697,2020-01-31,251,993:938,tarjeta,8:2,16.57,4454.5
698,2020-09-09,248,506:300,tarjeta,2:8,6.28,1860.84
699,2020-08-23,5,183:1093,tarjeta,1:2,12.13,588.76
700,2020-04-21,667,887:942,tarjeta,5:6,21.76,1737.6499999999999
